Workbook

Sheet Özet
A1: TÜBİTAK Mevzuat RAG — İhtiyaç Karşılama Matrisi
A2: Sürüm 2.3 · Sahip: Batur Alp · Oluşturma: 2026-10-27
A3: Kaynak: docs/requirements/ihtiyaclar.yaml (tek kaynak). Bu dosya build.py ile üretilir; durum güncellemeleri YAML'da yapılıp dosya yeniden üretilmelidir.
A5: Genel durum
A6: Gösterge | B6: Değer
A7: Toplam ihtiyaç | B7: =COUNTA(İhtiyaçlar!$A$2:$A$98) -> 97
A8: Bekliyor | B8: =COUNTIF(İhtiyaçlar!$H$2:$H$98,"Bekliyor") -> 0
A9: Karşılandı | B9: =COUNTIF(İhtiyaçlar!$H$2:$H$98,"Karşılandı") -> 89
A10: Kısmi | B10: =COUNTIF(İhtiyaçlar!$H$2:$H$98,"Kısmi") -> 6
A11: Karşılanmadı | B11: =COUNTIF(İhtiyaçlar!$H$2:$H$98,"Karşılanmadı") -> 2
A12: Kapsam dışı | B12: =COUNTIF(İhtiyaçlar!$H$2:$H$98,"Kapsam dışı") -> 0
A13: Karşılanma oranı (kapsam içi) | B13: =IFERROR(B9/(B7-B12),0) -> 0.91752577
A14: Zorunlu ihtiyaçlarda karşılanma | B14: =IFERROR(COUNTIFS(İhtiyaçlar!$F$2:$F$98,"Zorunlu",İhtiyaçlar!$H$2:$H$98,"Karşılandı")/COUNTIF(İhtiyaçlar!$F$2:$F$98,"Zorunlu"),0) -> 0.95833333
A16: Kategoriye göre
A17: Kategori | B17: Toplam | C17: Karşılandı | D17: Kısmi | E17: Karşılanmadı | F17: Kapsam dışı | G17: Bekliyor
A18: Ayrıştırma ve temizleme | B18: =COUNTIF(İhtiyaçlar!$B$2:$B$98,A18) -> 7 | C18: =COUNTIFS(İhtiyaçlar!$B$2:$B$98,$A18,İhtiyaçlar!$H$2:$H$98,"Karşılandı") -> 6 | D18: =COUNTIFS(İhtiyaçlar!$B$2:$B$98,$A18,İhtiyaçlar!$H$2:$H$98,"Kısmi") -> 1 | E18: =COUNTIFS(İhtiyaçlar!$B$2:$B$98,$A18,İhtiyaçlar!$H$2:$H$98,"Karşılanmadı") -> 0 | F18: =COUNTIFS(İhtiyaçlar!$B$2:$B$98,$A18,İhtiyaçlar!$H$2:$H$98,"Kapsam dışı") -> 0 | G18: =COUNTIFS(İhtiyaçlar!$B$2:$B$98,$A18,İhtiyaçlar!$H$2:$H$98,"Bekliyor") -> 0
A19: Parçalama (chunking) | B19: =COUNTIF(İhtiyaçlar!$B$2:$B$98,A19) -> 3 | C19: =COUNTIFS(İhtiyaçlar!$B$2:$B$98,$A19,İhtiyaçlar!$H$2:$H$98,"Karşılandı") -> 3 | D19: =COUNTIFS(İhtiyaçlar!$B$2:$B$98,$A19,İhtiyaçlar!$H$2:$H$98,"Kısmi") -> 0 | E19: =COUNTIFS(İhtiyaçlar!$B$2:$B$98,$A19,İhtiyaçlar!$H$2:$H$98,"Karşılanmadı") -> 0 | F19: =COUNTIFS(İhtiyaçlar!$B$2:$B$98,$A19,İhtiyaçlar!$H$2:$H$98,"Kapsam dışı") -> 0 | G19: =COUNTIFS(İhtiyaçlar!$B$2:$B$98,$A19,İhtiyaçlar!$H$2:$H$98,"Bekliyor") -> 0
A20: İndeksleme | B20: =COUNTIF(İhtiyaçlar!$B$2:$B$98,A20) -> 2 | C20: =COUNTIFS(İhtiyaçlar!$B$2:$B$98,$A20,İhtiyaçlar!$H$2:$H$98,"Karşılandı") -> 2 | D20: =COUNTIFS(İhtiyaçlar!$B$2:$B$98,$A20,İhtiyaçlar!$H$2:$H$98,"Kısmi") -> 0 | E20: =COUNTIFS(İhtiyaçlar!$B$2:$B$98,$A20,İhtiyaçlar!$H$2:$H$98,"Karşılanmadı") -> 0 | F20: =COUNTIFS(İhtiyaçlar!$B$2:$B$98,$A20,İhtiyaçlar!$H$2:$H$98,"Kapsam dışı") -> 0 | G20: =COUNTIFS(İhtiyaçlar!$B$2:$B$98,$A20,İhtiyaçlar!$H$2:$H$98,"Bekliyor") -> 0
A21: Arama ve yeniden sıralama | B21: =COUNTIF(İhtiyaçlar!$B$2:$B$98,A21) -> 5 | C21: =COUNTIFS(İhtiyaçlar!$B$2:$B$98,$A21,İhtiyaçlar!$H$2:$H$98,"Karşılandı") -> 5 | D21: =COUNTIFS(İhtiyaçlar!$B$2:$B$98,$A21,İhtiyaçlar!$H$2:$H$98,"Kısmi") -> 0 | E21: =COUNTIFS(İhtiyaçlar!$B$2:$B$98,$A21,İhtiyaçlar!$H$2:$H$98,"Karşılanmadı") -> 0 | F21: =COUNTIFS(İhtiyaçlar!$B$2:$B$98,$A21,İhtiyaçlar!$H$2:$H$98,"Kapsam dışı") -> 0 | G21: =COUNTIFS(İhtiyaçlar!$B$2:$B$98,$A21,İhtiyaçlar!$H$2:$H$98,"Bekliyor") -> 0
A22: Cevap üretimi ve atıf | B22: =COUNTIF(İhtiyaçlar!$B$2:$B$98,A22) -> 5 | C22: =COUNTIFS(İhtiyaçlar!$B$2:$B$98,$A22,İhtiyaçlar!$H$2:$H$98,"Karşılandı") -> 5 | D22: =COUNTIFS(İhtiyaçlar!$B$2:$B$98,$A22,İhtiyaçlar!$H$2:$H$98,"Kısmi") -> 0 | E22: =COUNTIFS(İhtiyaçlar!$B$2:$B$98,$A22,İhtiyaçlar!$H$2:$H$98,"Karşılanmadı") -> 0 | F22: =COUNTIFS(İhtiyaçlar!$B$2:$B$98,$A22,İhtiyaçlar!$H$2:$H$98,"Kapsam dışı") -> 0 | G22: =COUNTIFS(İhtiyaçlar!$B$2:$B$98,$A22,İhtiyaçlar!$H$2:$H$98,"Bekliyor") -> 0
A23: Güvenlik önlemleri (guardrail) | B23: =COUNTIF(İhtiyaçlar!$B$2:$B$98,A23) -> 9 | C23: =COUNTIFS(İhtiyaçlar!$B$2:$B$98,$A23,İhtiyaçlar!$H$2:$H$98,"Karşılandı") -> 6 | D23: =COUNTIFS(İhtiyaçlar!$B$2:$B$98,$A23,İhtiyaçlar!$H$2:$H$98,"Kısmi") -> 2 | E23: =COUNTIFS(İhtiyaçlar!$B$2:$B$98,$A23,İhtiyaçlar!$H$2:$H$98,"Karşılanmadı") -> 1 | F23: =COUNTIFS(İhtiyaçlar!$B$2:$B$98,$A23,İhtiyaçlar!$H$2:$H$98,"Kapsam dışı") -> 0 | G23: =COUNTIFS(İhtiyaçlar!$B$2:$B$98,$A23,İhtiyaçlar!$H$2:$H$98,"Bekliyor") -> 0
A24: Test seti | B24: =COUNTIF(İhtiyaçlar!$B$2:$B$98,A24) -> 12 | C24: =COUNTIFS(İhtiyaçlar!$B$2:$B$98,$A24,İhtiyaçlar!$H$2:$H$98,"Karşılandı") -> 11 | D24: =COUNTIFS(İhtiyaçlar!$B$2:$B$98,$A24,İhtiyaçlar!$H$2:$H$98,"Kısmi") -> 0 | E24: =COUNTIFS(İhtiyaçlar!$B$2:$B$98,$A24,İhtiyaçlar!$H$2:$H$98,"Karşılanmadı") -> 1 | F24: =COUNTIFS(İhtiyaçlar!$B$2:$B$98,$A24,İhtiyaçlar!$H$2:$H$98,"Kapsam dışı") -> 0 | G24: =COUNTIFS(İhtiyaçlar!$B$2:$B$98,$A24,İhtiyaçlar!$H$2:$H$98,"Bekliyor") -> 0
A25: Arama değerlendirmesi | B25: =COUNTIF(İhtiyaçlar!$B$2:$B$98,A25) -> 6 | C25: =COUNTIFS(İhtiyaçlar!$B$2:$B$98,$A25,İhtiyaçlar!$H$2:$H$98,"Karşılandı") -> 5 | D25: =COUNTIFS(İhtiyaçlar!$B$2:$B$98,$A25,İhtiyaçlar!$H$2:$H$98,"Kısmi") -> 1 | E25: =COUNTIFS(İhtiyaçlar!$B$2:$B$98,$A25,İhtiyaçlar!$H$2:$H$98,"Karşılanmadı") -> 0 | F25: =COUNTIFS(İhtiyaçlar!$B$2:$B$98,$A25,İhtiyaçlar!$H$2:$H$98,"Kapsam dışı") -> 0 | G25: =COUNTIFS(İhtiyaçlar!$B$2:$B$98,$A25,İhtiyaçlar!$H$2:$H$98,"Bekliyor") -> 0
A26: Cevap değerlendirmesi | B26: =COUNTIF(İhtiyaçlar!$B$2:$B$98,A26) -> 11 | C26: =COUNTIFS(İhtiyaçlar!$B$2:$B$98,$A26,İhtiyaçlar!$H$2:$H$98,"Karşılandı") -> 10 | D26: =COUNTIFS(İhtiyaçlar!$B$2:$B$98,$A26,İhtiyaçlar!$H$2:$H$98,"Kısmi") -> 1 | E26: =COUNTIFS(İhtiyaçlar!$B$2:$B$98,$A26,İhtiyaçlar!$H$2:$H$98,"Karşılanmadı") -> 0 | F26: =COUNTIFS(İhtiyaçlar!$B$2:$B$98,$A26,İhtiyaçlar!$H$2:$H$98,"Kapsam dışı") -> 0 | G26: =COUNTIFS(İhtiyaçlar!$B$2:$B$98,$A26,İhtiyaçlar!$H$2:$H$98,"Bekliyor") -> 0
A27: Deney karşılaştırma ve dokümantasyon | B27: =COUNTIF(İhtiyaçlar!$B$2:$B$98,A27) -> 4 | C27: =COUNTIFS(İhtiyaçlar!$B$2:$B$98,$A27,İhtiyaçlar!$H$2:$H$98,"Karşılandı") -> 4 | D27: =COUNTIFS(İhtiyaçlar!$B$2:$B$98,$A27,İhtiyaçlar!$H$2:$H$98,"Kısmi") -> 0 | E27: =COUNTIFS(İhtiyaçlar!$B$2:$B$98,$A27,İhtiyaçlar!$H$2:$H$98,"Karşılanmadı") -> 0 | F27: =COUNTIFS(İhtiyaçlar!$B$2:$B$98,$A27,İhtiyaçlar!$H$2:$H$98,"Kapsam dışı") -> 0 | G27: =COUNTIFS(İhtiyaçlar!$B$2:$B$98,$A27,İhtiyaçlar!$H$2:$H$98,"Bekliyor") -> 0
A28: Web arayüzü | B28: =COUNTIF(İhtiyaçlar!$B$2:$B$98,A28) -> 6 | C28: =COUNTIFS(İhtiyaçlar!$B$2:$B$98,$A28,İhtiyaçlar!$H$2:$H$98,"Karşılandı") -> 6 | D28: =COUNTIFS(İhtiyaçlar!$B$2:$B$98,$A28,İhtiyaçlar!$H$2:$H$98,"Kısmi") -> 0 | E28: =COUNTIFS(İhtiyaçlar!$B$2:$B$98,$A28,İhtiyaçlar!$H$2:$H$98,"Karşılanmadı") -> 0 | F28: =COUNTIFS(İhtiyaçlar!$B$2:$B$98,$A28,İhtiyaçlar!$H$2:$H$98,"Kapsam dışı") -> 0 | G28: =COUNTIFS(İhtiyaçlar!$B$2:$B$98,$A28,İhtiyaçlar!$H$2:$H$98,"Bekliyor") -> 0
A29: Barındırılan sürüm (Hugging Face Spaces) | B29: =COUNTIF(İhtiyaçlar!$B$2:$B$98,A29) -> 3 | C29: =COUNTIFS(İhtiyaçlar!$B$2:$B$98,$A29,İhtiyaçlar!$H$2:$H$98,"Karşılandı") -> 3 | D29: =COUNTIFS(İhtiyaçlar!$B$2:$B$98,$A29,İhtiyaçlar!$H$2:$H$98,"Kısmi") -> 0 | E29: =COUNTIFS(İhtiyaçlar!$B$2:$B$98,$A29,İhtiyaçlar!$H$2:$H$98,"Karşılanmadı") -> 0 | F29: =COUNTIFS(İhtiyaçlar!$B$2:$B$98,$A29,İhtiyaçlar!$H$2:$H$98,"Kapsam dışı") -> 0 | G29: =COUNTIFS(İhtiyaçlar!$B$2:$B$98,$A29,İhtiyaçlar!$H$2:$H$98,"Bekliyor") -> 0
... A34: Güvenlik, gizlilik ve dil | B34: =COUNTIF(İhtiyaçlar!$B$2:$B$98,A34) -> 6 | C34: =COUNTIFS(İhtiyaçlar!$B$2:$B$98,$A34,İhtiyaçlar!$H$2:$H$98,"Karşılandı") -> 5 | D34: =COUNTIFS(İhtiyaçlar!$B$2:$B$98,$A34,İhtiyaçlar!$H$2:$H$98,"Kısmi") -> 1 | E34: =COUNTIFS(İhtiyaçlar!$B$2:$B$98,$A34,İhtiyaçlar!$H$2:$H$98,"Karşılanmadı") -> 0 | F34: =COUNTIFS(İhtiyaçlar!$B$2:$B$98,$A34,İhtiyaçlar!$H$2:$H$98,"Kapsam dışı") -> 0 | G34: =COUNTIFS(İhtiyaçlar!$B$2:$B$98,$A34,İhtiyaçlar!$H$2:$H$98,"Bekliyor") -> 0
A35: Toplam | B35: =SUM(B18:B34) -> 97 | C35: =SUM(C18:C34) -> 89 | D35: =SUM(D18:D34) -> 6 | E35: =SUM(E18:E34) -> 2 | F35: =SUM(F18:F34) -> 0 | G35: =SUM(G18:G34) -> 0
A37: Nasıl kullanılır?
A38: 1. 'İhtiyaçlar' sayfasında yalnızca Durum (H), Kanıt (J) ve Not (K) sütunları güncellenir.
A39: 2. Durum açılır listeden seçilir; ✓ sütunu ve bu sayfadaki sayılar formülle otomatik hesaplanır.
A40: 3. Kalıcı güncelleme için aynı değişiklik ihtiyaclar.yaml dosyasına da yazılmalıdır.
A41: 4. 'Bekliyor' = üzerinde çalışılıyor ya da henüz doğrulanamadı; kaldırılan ve birleştirilen ihtiyaçlar 'Değişiklik Geçmişi' sayfasındadır.
A42: 5. Cümle yapısı için 'EARS Kalıpları' sayfasına bakın.

Sheet İhtiyaçlar
A1: ID | B1: Kategori | C1: EARS Tipi | D1: İhtiyaç | E1: Kabul Kriteri | F1: Öncelik | G1: Doğrulama | H1: Durum | I1: ✓ | J1: Kanıt | K1: Not
A2: FR-P1 | B2: Ayrıştırma ve temizleme | C2: Her zaman | D2: Sistem, PDF, HTML, XLSX ve GİB JSON kaynaklarını ortak bir belge modeline dönüştürmelidir. | E2: Dört kaynak türü için ayrıştırıcı aynı Document tipini döndürür. | F2: Zorunlu | G2: Test | H2: Karşılandı | I2: =IF(H2="Karşılandı","✔",IF(H2="Kısmi","◐",IF(H2="Karşılanmadı","✖",""))) -> ✔ | J2: ingestion/parser_registry.py; test_html_parser.py::test_parse_returns_document_with_metadata, test_gib_parser.py::test_gib_articles_parsed, test_xlsx_parser.py::test_one_table_section_per_sheet, test_pdf_text.py::test_extract_pages_reads_fixture_pdf.
A3: FR-P3 | B3: Ayrıştırma ve temizleme | C3: Her zaman | D3: Sistem, çıkarılan metinden sayfa numaralarını, tekrarlayan üstlük/altlıkları ve bozuk karakter kodlamalarını temizlemelidir. | E3: '2/47', 'KANUN VE YÖNETMELİKLER III-8' gibi kalıntılar çıktıda yoktur; metin Unicode NFC biçimindedir; eski Mac Türkçe glifleri onarılır. | F3: Zorunlu | G3: Test | H3: Karşılandı | I3: =IF(H3="Karşılandı","✔",IF(H3="Kısmi","◐",IF(H3="Karşılanmadı","✖",""))) -> ✔ | J3: test_pdf_text.py::test_strips_repeated_header_and_page_numbers, ::test_removes_tiklayiniz_lines; test_normalize.py::test_nfc_composes_decomposed_chars, ::test_repair_mac_turkish_glyphs.
A4: FR-P4 | B4: Ayrıştırma ve temizleme | C4: Her zaman | D4: Sistem, mevzuat belgelerinden kısım, bölüm, madde, fıkra ve bent hiyerarşisini çıkarmalıdır. | E4: Örnek belgelerde madde numaraları, başlıkları ve fıkra/bent etiketleri doğru eşleşir. | F4: Zorunlu | G4: Test | H4: Karşılandı | I4: =IF(H4="Karşılandı","✔",IF(H4="Kısmi","◐",IF(H4="Karşılanmadı","✖",""))) -> ✔ | J4: ingestion/legislation_parser.py; test_legislation_parser.py::test_hierarchy_labels, ::test_bolum_resets_on_new_kisim, ::test_paragraphs_split_on_fikra_and_bent.
A5: FR-P5 | B5: Ayrıştırma ve temizleme | C5: Her zaman | D5: Sistem, değişiklik notlarını madde metninden ayırıp metadata olarak saklamalıdır. | E5: '(Değişik: …YK)' ibareleri embed edilen metinde yer almaz, parça metadata'sında listelenir. | F5: Önemli | G5: Test | H5: Karşılandı | I5: =IF(H5="Karşılandı","✔",IF(H5="Kısmi","◐",IF(H5="Karşılanmadı","✖",""))) -> ✔ | J5: test_legislation_parser.py::test_amendment_notes_moved_to_metadata; test_structural.py::test_amendment_notes_in_metadata_not_text; test_gib_parser.py::test_gib_amendment_note_extracted.
A6: FR-P6 | B6: Ayrıştırma ve temizleme | C6: Her zaman | D6: Sistem, yürürlükten kaldırılmış (mülga) maddeleri indeks dışında bırakmalıdır. | E6: Yalnızca '(Mülga…)' içeren maddeler indekste bulunmaz. | F6: Önemli | G6: Test | H6: Karşılandı | I6: =IF(H6="Karşılandı","✔",IF(H6="Kısmi","◐",IF(H6="Karşılanmadı","✖",""))) -> ✔ | J6: test_legislation_parser.py::test_repealed_article_flagged; test_structural.py::test_repealed_skipped; test_fixed.py::test_repealed_sections_excluded.
A7: FR-P9 | B7: Ayrıştırma ve temizleme | C7: İstenmeyen | D7: Bir PDF'ten metin çıkarılamadığı durumunda, sistem belgeyi ingest raporunda 'taranmış' olarak listelemelidir. | E7: Taranmış ve içeriksiz belgeler indekslenmez, raporda ayrı listelenir. | F7: Önemli | G7: Test | H7: Karşılandı | I7: =IF(H7="Karşılandı","✔",IF(H7="Kısmi","◐",IF(H7="Karşılanmadı","✖",""))) -> ✔ | J7: test_ingest.py::test_scanned_docs_reported_not_indexed; artifacts/ingest_report.json: 3 taranmış PDF, 18 içeriksiz sayfa.
A8: FR-P10 | B8: Ayrıştırma ve temizleme | C8: Her zaman | D8: Sistem, her belgeye kimlik, başlık, program kodu, belge türü, kaynak URL, sürüm tarihi, dil ve SHA-256 metadata alanlarını atamalıdır. | E8: Belge modeli bu alanları içerir; bilinmeyen alanlar açıkça boş (null) tutulur; başlık okunabilir bir belge adıdır. | F8: Zorunlu | G8: Test | H8: Kısmi | I8: =IF(H8="Karşılandı","✔",IF(H8="Kısmi","◐",IF(H8="Karşılanmadı","✖",""))) -> ◐ | J8: domain/document.py; test_document_builder.py::test_skeleton_copies_entry_metadata_and_uses_real_sha, ::test_skeleton_keeps_missing_fields_as_none. | K8: Açık hata: 132 parçada belge başlığı boş ya da 'tıklayınız' (program sayfası bağlantı metninden geliyor); 111 belgede sürüm tarihi yok.
A9: FR-C1 | B9: Parçalama (chunking) | C9: Her zaman | D9: Sistem, sabit pencereli parçalamada parça boyutunun ve örtüşmenin token cinsinden yapılandırılmasına izin vermelidir. | E9: 512 token / 64 örtüşme ile üretilen parçalar bu sınırlara uyar; örtüşme boyuttan küçük olmalıdır. | F9: Zorunlu | G9: Test | H9: Karşılandı | I9: =IF(H9="Karşılandı","✔",IF(H9="Kısmi","◐",IF(H9="Karşılanmadı","✖",""))) -> ✔ | J9: chunking/fixed.py; test_fixed.py::test_windows_respect_size_and_overlap, ::test_rejects_overlap_not_smaller_than_size; v0/v0r: 4.193 parça.
A10: FR-C2 | B10: Parçalama (chunking) | C10: Opsiyonel | D10: Yapı bazlı parçalama etkinleştirildiğinde, sistem her maddeyi, her HTML bölümünü ve her SSS soru-cevap çiftini ayrı bir parça olarak üretmelidir. | E10: Uzunluk eşiğini aşan madde fıkra sınırlarından bölünür, hiçbir fıkra ortadan kesilmez; bir SSS çifti tek parçadadır. | F10: Zorunlu | G10: Test | H10: Karşılandı | I10: =IF(H10="Karşılandı","✔",IF(H10="Kısmi","◐",IF(H10="Karşılanmadı","✖",""))) -> ✔ | J10: chunking/structural.py; test_structural.py::test_each_article_is_one_chunk, ::test_long_article_split_at_paragraph_boundaries, ::test_faq_pair_single_chunk, ::test_html_sections_separate_chunks; v1–v3b: 7.017 parça.
A11: FR-C6 | B11: Parçalama (chunking) | C11: Opsiyonel | D11: Bağlam başlığı seçeneği etkinleştirildiğinde, sistem her parçanın embed edilen metninin başına belge ve hiyerarşi bilgisini eklemelidir. | E11: embed_text 'Belge › Bölüm › Madde N – Başlık' satırıyla başlar; kullanıcıya gösterilen text değişmez. | F11: Zorunlu | G11: Test | H11: Karşılandı | I11: =IF(H11="Karşılandı","✔",IF(H11="Kısmi","◐",IF(H11="Karşılanmadı","✖",""))) -> ✔ | J11: chunking/context_header.py; test_structural.py::test_embed_text_starts_with_doc_and_hierarchy, ::test_text_unchanged_when_header_on, ::test_same_title_different_program_yields_different_embed_text.
A12: FR-I2 | B12: İndeksleme | C12: Olay | D12: Corpus'ta bir belge eklendiğinde, değiştiğinde veya silindiğinde, sistem yalnızca o belgenin dense ve BM25 indeks kayıtlarını güncellemelidir. | E12: Diğer belgelerin embedding'leri yeniden hesaplanmaz; silinen belgenin parçaları aramada dönmez; ikinci ingest hiçbir şey değiştirmez. | F12: Zorunlu | G12: Test | H12: Karşılandı | I12: =IF(H12="Karşılandı","✔",IF(H12="Kısmi","◐",IF(H12="Karşılanmadı","✖",""))) -> ✔ | J12: indexing/sync.py; test_sync.py::test_apply_only_embeds_changed_docs, ::test_apply_update_replaces_chunks, ::test_apply_remove_deletes; test_ingest.py::test_ingest_removes_deleted_doc_from_both_indexes.
A13: FR-X9 | B13: İndeksleme | C13: Durum | D13: Bir belgenin içeriği ve işlem ayarları değişmemişken, sistem ayrıştırma, parçalama ve embedding sonuçlarını önbellekten yeniden kullanmalıdır. | E13: İkinci ingest ayrıştırma ve embedding adımlarını atlar; önbellek model adına göre ayrıdır. | F13: Zorunlu | G13: Test | H13: Karşılandı | I13: =IF(H13="Karşılandı","✔",IF(H13="Kısmi","◐",IF(H13="Karşılanmadı","✖",""))) -> ✔ | J13: test_ingest.py::test_second_ingest_is_noop_and_skips_parse_and_embed, ::test_full_flag_rebuilds_everything_from_the_caches; test_embedding_cache.py::test_lookup_is_per_model; ölçüm: önbellekli ingest 23 s (7.017 parça).
A14: FR-R1 | B14: Arama ve yeniden sıralama | C14: Her zaman | D14: Sistem, arama yönteminin dense, BM25 veya hibrit olarak yapılandırmayla seçilmesine izin vermelidir. | E14: retriever.mode değiştirilerek aynı corpus üzerinde üç yöntem çalışır. | F14: Zorunlu | G14: Test | H14: Karşılandı | I14: =IF(H14="Karşılandı","✔",IF(H14="Kısmi","◐",IF(H14="Karşılanmadı","✖",""))) -> ✔ | J14: test_factory.py::test_build_retriever_by_mode_uses_config_collection; test_dense.py, test_bm25.py, test_hybrid.py; configs/experiments/v0–v3b.yaml.
A15: FR-R3 | B15: Arama ve yeniden sıralama | C15: Opsiyonel | D15: Kök bulma seçeneği etkinleştirildiğinde, sistem BM25 belirteçlerine Türkçe kök bulma uygulamalıdır. | E15: 'projelerin' ve 'projeler' aynı köke iner; Türkçe küçük harf dönüşümü (İ→i, I→ı) her zaman uygulanır; sayılar ve program kodları köklenmez. | F15: Önemli | G15: Test | H15: Karşılandı | I15: =IF(H15="Karşılandı","✔",IF(H15="Kısmi","◐",IF(H15="Karşılanmadı","✖",""))) -> ✔ | J15: retrieval/turkish.py; test_turkish.py::test_stemming_merges_plural_forms, ::test_no_stemming_option, ::test_turkish_lower_dotted_and_dotless_i, ::test_numbers_are_not_stemmed.
A16: FR-R4 | B16: Arama ve yeniden sıralama | C16: Opsiyonel | D16: Hibrit arama etkinleştirildiğinde, sistem dense ve BM25 sonuç sıralarını Reciprocal Rank Fusion ile birleştirmelidir. | E16: RRF projenin kendi kodundadır; k varsayılan 60 ve yapılandırılabilir; bilinen örnekte doğru sıralama çıkar. | F16: Zorunlu | G16: Test | H16: Karşılandı | I16: =IF(H16="Karşılandı","✔",IF(H16="Kısmi","◐",IF(H16="Karşılanmadı","✖",""))) -> ✔ | J16: retrieval/rrf.py; test_rrf.py::test_rrf_known_example; test_hybrid.py::test_rrf_k_is_used; v1→v2 Recall@5 0,439→0,543.
A17: FR-R5 | B17: Arama ve yeniden sıralama | C17: Opsiyonel | D17: Bir soruyla birlikte metadata filtresi verildiğinde, sistem sonuçları program kodu ve belge türüne göre süzmelidir. | E17: program_kodu=1507 filtresiyle yalnızca 1507 belgeleri döner; filtre REST API ve `rag ask` ile verilir. | F17: Önemli | G17: Test | H17: Karşılandı | I17: =IF(H17="Karşılandı","✔",IF(H17="Kısmi","◐",IF(H17="Karşılanmadı","✖",""))) -> ✔ | J17: test_filters.py::test_apply_filters_program_and_type; test_api.py::test_ask_forwards_filters_and_config; test_cli.py::test_ask_cli_program_and_type_become_filters. | K17: Web arayüzündeki filtreler sohbet sayfasına geçişte kaldırıldı.
A18: FR-RR1 | B18: Arama ve yeniden sıralama | C18: Opsiyonel | D18: Yeniden sıralayıcı etkinleştirildiğinde, sistem ilk aşama adaylarını cross-encoder ile yeniden sıralayıp en iyi n parçayı döndürmelidir. | E18: Varsayılan 30 aday → 5 sonuç; yeniden sıralama skoru sonuçla birlikte döner. | F18: Zorunlu | G18: Test | H18: Karşılandı | I18: =IF(H18="Karşılandı","✔",IF(H18="Kısmi","◐",IF(H18="Karşılanmadı","✖",""))) -> ✔ | J18: reranking/cross_encoder.py; test_cross_encoder.py::test_rerank_with_returns_top_n_sorted; test_pipeline.py::test_reranker_used_when_present_and_scores_kept; v2→v3 Recall@5 0,543→0,699.
A19: FR-G3 | B19: Cevap üretimi ve atıf | C19: Her zaman | D19: Sistem, cevaptaki her atıfı belge adı, madde veya sayfa bilgisi ve kaynak bağlantısıyla birlikte sunmalıdır. | E19: Cevaptaki [n] işaretleri numaralı kaynaklara karşılık gelir; her atıf bu üç bilgiyi taşır. | F19: Zorunlu | G19: Test | H19: Karşılandı | I19: =IF(H19="Karşılandı","✔",IF(H19="Kısmi","◐",IF(H19="Karşılanmadı","✖",""))) -> ✔ | J19: test_generator.py::test_citations_have_title_location_url; test_prompts.py::test_sources_numbered_from_one; test_pipeline.py::test_valid_answer_has_citations_sources_and_disclaimer.
A20: FR-G4 | B20: Cevap üretimi ve atıf | C20: Her zaman | D20: Sistem, cevap üreten dil modelinin yapılandırmayla Ollama üzerinden yerel bir model veya OpenAI uyumlu bir API (ör. OpenRouter, Groq, Hugging Face Inference Providers) olarak seçilmesine izin vermelidir. | E20: Kod değişmeden yalnız llm.provider ve llm.model değiştirilir: ollama (varsayılan, yerel qwen3:4b) veya openai_compat (/chat/completions; adres LLM_BASE_URL, anahtar LLM_API_KEY ortam değişkeninden). Aynı alanla anthropic (Claude API) ve transformers (model süreç içinde; Hugging Face Space) da seçilebilir. | F20: Zorunlu | G20: Test | H20: Karşılandı | I20: =IF(H20="Karşılandı","✔",IF(H20="Kısmi","◐",IF(H20="Karşılanmadı","✖",""))) -> ✔ | J20: config.py LlmConfig, OpenAICompatConfig; factory.py build_llm; adapters/ollama_llm.py, openai_compat_llm.py, anthropic_llm.py, transformers_llm.py; test_factory.py::test_provider_switch_by_config_only; test_openai_compat_llm.py::test_factory_builds_it_from_config, ::test_api_key_read_from_the_named_environment_variable, ::test_rejected_json_schema_falls_back_to_json_object_and_remembers; test_ollama_llm.py::test_request_body_has_think_false_format_and_temperature_zero; test_transformers_llm.py::test_factory_builds_it_from_config; test_anthropic_llm.py. Ollama yolu altı deney koşusunda gerçek olarak kullanıldı; transformers yolu canlı Space'te çalışıyor (FR-HF1). | K20: OpenAI uyumlu bağdaştırıcı yalnız birim testlerinde, sahte HTTP taşıyıcısıyla ve Ollama'nın /v1 uç noktasıyla aynı istek/yanıt biçiminde doğrulandı; gerçek ücretli bir sağlayıcıyla (OpenRouter, Groq, Hugging Face) denenmedi. Anthropic bağdaştırıcısı da sahte SDK ile test edildi.
A21: FR-G7 | B21: Cevap üretimi ve atıf | C21: Her zaman | D21: Sistem, değerlendirmede kullanılan hakem modelinin sağlayıcısının ve modelinin cevap modelinden bağımsız olarak yapılandırmayla seçilmesine izin vermelidir. | E21: eval.judge.provider ve eval.judge.model ayrı ayarlanır (ollama, openai_compat, anthropic, transformers); bağlantı ayarları llm bölümünden gelir; hakem sıcaklığı 0'dır; varsayılan yerel Ollama qwen3:4b'dir. | F21: Önemli | G21: Test | H21: Karşılandı | I21: =IF(H21="Karşılandı","✔",IF(H21="Kısmi","◐",IF(H21="Karşılanmadı","✖",""))) -> ✔ | J21: config.py JudgeConfig; interfaces/cli.py _judge_llm_config; test_cli_run.py::test_run_cli_judge_is_local_and_deterministic, ::test_run_cli_warns_when_an_api_provider_is_configured. | K21: Hakem isteğe bağlıdır (FR-E34); raporlanan cevap metrikleri hakemden değil Claude (Opus) incelemesinden gelir.
A22: FR-G5 | B22: Cevap üretimi ve atıf | C22: Her zaman | D22: Sistem, her cevabı bilginin resmî görüş olmadığını belirten bir uyarıyla birlikte sunmalıdır. | E22: Uyarı API cevabının uyari alanında ve arayüzde bir kez görünür; cevap metninde tekrar edilmez. | F22: Önemli | G22: Test | H22: Karşılandı | I22: =IF(H22="Karşılandı","✔",IF(H22="Kısmi","◐",IF(H22="Karşılanmadı","✖",""))) -> ✔ | J22: test_pipeline.py::test_disclaimer_is_given_once_in_its_own_field; test_pages.py::test_disclaimer_is_shown_once_on_the_page; test_api.py::test_ask_returns_answer_with_citations_and_disclaimer.
A23: FR-G6 | B23: Cevap üretimi ve atıf | C23: Her zaman | D23: Sistem, kaynak metinleri dil modeline talimat olarak değil veri olarak işaretleyerek vermelidir. | E23: Sistem istemi kaynaklardaki talimatların uygulanmayacağını söyler; kaynaklar ve soru ayrı etiketler içindedir. | F23: Önemli | G23: Test | H23: Karşılandı | I23: =IF(H23="Karşılandı","✔",IF(H23="Kısmi","◐",IF(H23="Karşılanmadı","✖",""))) -> ✔ | J23: generation/prompts.py; test_prompts.py::test_system_prompt_treats_sources_as_data_not_instructions, ::test_user_prompt_delimits_data_and_question, ::test_faq_question_text_stays_inside_source_tags.
A24: FR-GR1 | B24: Güvenlik önlemleri (guardrail) | C24: İstenmeyen | D24: En yüksek arama skoru yapılandırılmış eşiğin altında kaldığı durumunda, sistem dil modelini çağırmadan 'bilgi bulunamadı' cevabı döndürmelidir. | E24: Eşik altı soruda LLM çağrı sayısı 0'dır; eşikler skor türü başına yapılandırma dosyasından okunur. | F24: Zorunlu | G24: Test | H24: Karşılandı | I24: =IF(H24="Karşılandı","✔",IF(H24="Kısmi","◐",IF(H24="Karşılanmadı","✖",""))) -> ✔ | J24: guardrails/gate.py; test_pipeline.py::test_below_threshold_returns_bilgi_bulunamadi_with_no_llm_call_and_no_sources; test_gate.py::test_thresholds_from_config_not_constants.
A25: FR-GR2 | B25: Güvenlik önlemleri (guardrail) | C25: İstenmeyen | D25: Sistem bir soruyu reddettiği durumunda, sistem cevapla birlikte hiçbir kaynak göstermemelidir. | E25: Bilgi bulunamadı, kapsam dışı ve atıf reddi cevaplarında kaynak ve atıf listesi boştur. | F25: Zorunlu | G25: Test | H25: Karşılandı | I25: =IF(H25="Karşılandı","✔",IF(H25="Kısmi","◐",IF(H25="Karşılanmadı","✖",""))) -> ✔ | J25: test_api.py::test_refusals_return_no_sources; test_pipeline.py::test_llm_not_answerable_returns_no_sources; test_pages.py::test_not_found_is_a_reply_without_sources.
A26: FR-GR3 | B26: Güvenlik önlemleri (guardrail) | C26: İstenmeyen | D26: Dil modeli atıfsız bir cevap veya verilmemiş bir kaynağa atıf ürettiği durumunda, sistem cevabı 'bilgi bulunamadı' cevabına dönüştürmelidir. | E26: Uydurma atıflı ve atıfsız sahte LLM çıktıları reddedilir. | F26: Zorunlu | G26: Test | H26: Karşılandı | I26: =IF(H26="Karşılandı","✔",IF(H26="Kısmi","◐",IF(H26="Karşılanmadı","✖",""))) -> ✔ | J26: guardrails/citations.py; test_pipeline.py::test_llm_answer_with_fabricated_citation_is_rejected_to_bilgi_bulunamadi, ::test_uncited_answer_is_refused; test_citations.py.
A27: FR-GR4 | B27: Güvenlik önlemleri (guardrail) | C27: İstenmeyen | D27: Soru TÜBİTAK destek programları ve Ar-Ge mevzuatı kapsamı dışında olduğu durumunda, sistem soruyu kapsam dışı olduğunu belirterek reddetmelidir. | E27: Kapsam dışı sorularda arama yapılmaz; test setindeki kapsam dışı soruların ret oranı raporlanır. | F27: Zorunlu | G27: Test | H27: Karşılandı | I27: =IF(H27="Karşılandı","✔",IF(H27="Kısmi","◐",IF(H27="Karşılanmadı","✖",""))) -> ✔ | J27: guardrails/scope.py; test_pipeline.py::test_out_of_scope_returns_kapsam_disi_without_retrieval_or_sources; 6 koşunun hepsinde kapsam dışı ret oranı 1,0 (docs/sample-reports/*.metrics.json). | K27: v3b'de 2 kapsam içi soru yanlışlıkla kapsam dışı sayıldı (counts.scope_false_rejections).
A28: FR-GR5 | B28: Güvenlik önlemleri (guardrail) | C28: Durum | D28: Soru kaynaklarla yalnızca kısmen cevaplanabilirken, sistem cevaplanamayan kısmı cevapta açıkça belirtmelidir. | E28: Model 'eksik kısım' bildirdiğinde bu kısım cevaba eklenir. | F28: Önemli | G28: Test | H28: Karşılandı | I28: =IF(H28="Karşılandı","✔",IF(H28="Kısmi","◐",IF(H28="Karşılanmadı","✖",""))) -> ✔ | J28: guardrails/postprocess.py; test_pipeline.py::test_missing_part_appended; test_postprocess.py::test_missing_part_appended. | K28: Mekanizma test edildi; etkisi ayrı bir metrikle ölçülmüyor.
A29: FR-GR6 | B29: Güvenlik önlemleri (guardrail) | C29: Durum | D29: Atıf yapılan kaynak bilgiyi çağrı duyurusuna yönlendirirken, sistem cevapta ilgili duyuru sayfasının bağlantısını vermelidir. | E29: 'çağrı duyurusunda belirtilir' içeren kaynakta cevap program sayfası URL'sini içerir. | F29: Önemli | G29: Test | H29: Karşılandı | I29: =IF(H29="Karşılandı","✔",IF(H29="Kısmi","◐",IF(H29="Karşılanmadı","✖",""))) -> ✔ | J29: test_pipeline.py::test_announcement_link_added_when_cited_source_defers_to_call, ::test_announcement_link_prefers_cited_program_page, ::test_no_announcement_link_from_uncited_source.
A30: FR-GR7 | B30: Güvenlik önlemleri (guardrail) | C30: Durum | D30: Aynı konuda farklı sürüm tarihli kaynaklar bulunurken, sistem cevabı en güncel sürüm tarihli kaynağa dayandırmalıdır. | E30: Test setindeki sürüm sorularında cevap en güncel değeri verir. | F30: Önemli | G30: Test | H30: Kısmi | I30: =IF(H30="Karşılandı","✔",IF(H30="Kısmi","◐",IF(H30="Karşılanmadı","✖",""))) -> ◐ | J30: generation/prompts.py en yeni sürümü öne alır (test_prompts.py::test_newer_version_listed_first_same_type_program); v3b sürüm sorularında doğruluk 0,9 (qwen3:4b hakem). | K30: Claude incelemesinde sürüm sorularında eski değeri seçme hataları görüldü (docs/sample-reports/claude-degerlendirme.md); 111 belgede sürüm tarihi yok.
A31: FR-GR8 | B31: Güvenlik önlemleri (guardrail) | C31: Durum | D31: Program belirtilmeyen bir sorunun cevabı programa göre değişirken, sistem cevabı programlara göre ayrıştırarak vermelidir. | E31: Test setindeki belirsiz sorularda cevap programları ayrı ayrı adlandırır (programs_split_rate). | F31: Önemli | G31: Test | H31: Karşılanmadı | I31: =IF(H31="Karşılandı","✔",IF(H31="Kısmi","◐",IF(H31="Karşılanmadı","✖",""))) -> ✖ | J31: Kural istemde var (generation/prompts.py, kural 7) ama 6 koşunun hepsinde programs_split_rate 0,0; v3b belirsiz sorularda doğruluk 0,6. | K31: Küçük LLM tek programın değerini genel kural gibi veriyor (claude-degerlendirme.md).
A32: FR-GR11 | B32: Güvenlik önlemleri (guardrail) | C32: İstenmeyen | D32: Cevap kaynaklarda geçmeyen bir sayı içerdiği durumunda, sistem o cümleyi cevaptan çıkarmalıdır. | E32: number_check: strip varsayılandır; sayı yalnız atıf yapılmamış bir kaynakta geçiyorsa atıf onarılır; hiçbir cümle kalmazsa cevap reddedilir. | F32: Zorunlu | G32: Test | H32: Kısmi | I32: =IF(H32="Karşılandı","✔",IF(H32="Kısmi","◐",IF(H32="Karşılanmadı","✖",""))) -> ◐ | J32: guardrails/numbers.py; test_numbers.py::test_fabricated_duration_sentence_is_stripped, ::test_number_in_uncited_prompt_source_repairs_the_citation; test_pipeline.py::test_number_guardrail_strip_drops_the_ungrounded_sentence. | K32: Bilinen açıklar: q083'te uydurma tutar denetimden geçiyor; sorudaki sayı kanıt sayılabiliyor (test_question_grounding_security.py, strict xfail); 'yüzde doksan beşi' 90 okunuyordu, düzeltildi (test_numbers.py::test_suffix_on_the_last_number_word_keeps_the_whole_number).
A33: FR-E1 | B33: Test seti | C33: Her zaman | D33: Test seti, TÜBİTAK başvuru süreçleri ve mevzuatı hakkında en az 100 soru içermelidir. | E33: Soru türleri: tek belgeli, çok belgeli, sürüm ve belirsiz (cevaplanmalı); cevabı corpus'ta olmayan ve kapsam dışı (reddedilmeli). eval/testset_v1.jsonl şema doğrulamasından geçer. | F33: Zorunlu | G33: Test | H33: Karşılandı | I33: =IF(H33="Karşılandı","✔",IF(H33="Kısmi","◐",IF(H33="Karşılanmadı","✖",""))) -> ✔ | J33: eval/testset_v1.jsonl: 104 soru = 43 tek belgeli + 16 çok belgeli + 10 sürüm + 10 belirsiz + 15 cevapsız + 10 kapsam dışı; 32 program kodu; test_testset.py::test_repo_testset_is_valid_and_distributed, ::test_type_distribution.
A34: FR-E3 | B34: Test seti | C34: Her zaman | D34: Test seti, corpus'tan cevaplanması gereken tek belgeli ve çok belgeli sorular içermelidir. | E34: Çok belgeli sorunun cevabı en az iki belgenin birleşimini gerektirir ve kanıt alıntıları en az iki farklı belgeden gelir. | F34: Zorunlu | G34: Analiz | H34: Karşılandı | I34: =IF(H34="Karşılandı","✔",IF(H34="Kısmi","◐",IF(H34="Karşılanmadı","✖",""))) -> ✔ | J34: 43 tek belgeli + 16 çok belgeli soru (eval/README.md, tür dağılımı); test_testset.py::test_validate_multi_doc_types_need_two_documents.
A35: FR-E9 | B35: Test seti | C35: Her zaman | D35: Test seti, sistemin reddetmesi gereken kapsam dışı ve cevabı corpus'ta bulunmayan sorular içermelidir. | E35: Cevabı olmayan sorular corpus'ta tek tek aranarak doğrulanır; kapsam dışı sorular TÜBİTAK ve Ar-Ge ile ilgisizdir. | F35: Zorunlu | G35: Analiz | H35: Karşılandı | I35: =IF(H35="Karşılandı","✔",IF(H35="Kısmi","◐",IF(H35="Karşılanmadı","✖",""))) -> ✔ | J35: 15 cevapsız + 10 kapsam dışı soru (eval/README.md, 'Cevapsız soruların tasarımı').
A36: FR-E11 | B36: Test seti | C36: Her zaman | D36: Test seti, program belirtilmeden sorulan ve cevabı programa göre değişen belirsiz sorular içermelidir. | E36: Beklenen cevap programları ayrı ayrı verir; kanıt alıntıları en az iki belgeden gelir. | F36: Önemli | G36: Analiz | H36: Karşılandı | I36: =IF(H36="Karşılandı","✔",IF(H36="Kısmi","◐",IF(H36="Karşılanmadı","✖",""))) -> ✔ | J36: 10 belirsiz soru (eval/README.md, tür dağılımı); test_testset.py::test_validate_multi_doc_types_need_two_documents.
A37: FR-E12 | B37: Test seti | C37: Her zaman | D37: Test seti, eski ve yeni değeri bulunan bilgilere ilişkin sürüm soruları içermelidir. | E37: Beklenen cevap ve beklenen belgeler en güncel kaynağı esas alır; eski değer beklenen cevapta veya notta belirtilir. | F37: Önemli | G37: Analiz | H37: Karşılandı | I37: =IF(H37="Karşılandı","✔",IF(H37="Kısmi","◐",IF(H37="Karşılanmadı","✖",""))) -> ✔ | J37: 10 sürüm sorusu (eval/README.md, tür dağılımı ve 'surum sözleşmesi'). | K37: 10 sorudan 4'ü corpus içinde gerçek bir eski/yeni değer çatışmasıdır; diğer 6'sı tarihli veya çağrıya bağlı değerlerdir.
A38: FR-E16 | B38: Test seti | C38: Her zaman | D38: Test seti, her sorunun cevaplanması mı yoksa reddedilmesi mi gerektiğini belirtmelidir. | E38: Soru türü bunu belirler: tek belgeli, çok belgeli, sürüm ve belirsiz sorular cevaplanmalı (79); cevapsız ve kapsam dışı sorular reddedilmeli (25). Reddedilmesi gereken soruda beklenen cevap 'bilgi bulunamadı' veya 'kapsam dışı'dır, kanıt alıntısı ve beklenen belge yoktur. | F38: Zorunlu | G38: Test | H38: Karşılandı | I38: =IF(H38="Karşılandı","✔",IF(H38="Kısmi","◐",IF(H38="Karşılanmadı","✖",""))) -> ✔ | J38: evaluation/testset.py ANSWERABLE, evaluation/metrics.py UNANSWERABLE; test_testset.py::test_validate_unanswerable_expected_answer_text, ::test_validate_rejects_quotes_for_unanswerable.
A39: FR-E22 | B39: Test seti | C39: Her zaman | D39: Test setindeki her soru, kısa bir beklenen cevap içermelidir. | E39: Beklenen cevap cevabın doğruluğunu değerlendirmede referans olarak kullanılır; beklenen sayılar beklenen cevapta tam sayı olarak geçer. | F39: Zorunlu | G39: Test | H39: Karşılandı | I39: =IF(H39="Karşılandı","✔",IF(H39="Kısmi","◐",IF(H39="Karşılanmadı","✖",""))) -> ✔ | J39: domain/evaluation.py TestQuestion.beklenen_cevap; test_testset.py::test_validate_expected_numbers_appear_in_answer, ::test_repo_testset_is_valid_and_distributed.
A40: FR-E13 | B40: Test seti | C40: Her zaman | D40: Test setindeki her cevaplanabilir soru, corpus metninde birebir geçen 1–3 kanıt alıntısı içermelidir. | E40: Her alıntı beklenen belgenin ayrıştırılmış metninde bulunur; büyük/küçük harf ve boşluk farkı dışında kelimeler değişmez. | F40: Zorunlu | G40: Test | H40: Karşılandı | I40: =IF(H40="Karşılandı","✔",IF(H40="Kısmi","◐",IF(H40="Karşılanmadı","✖",""))) -> ✔ | J40: 117 alıntı: 48 soruda 1, 24 soruda 2, 7 soruda 3 alıntı; test_testset.py::test_validate_requires_quotes_for_answerable, ::test_validate_limits_quote_count, ::test_repo_testset_quotes_match_parsed_corpus.
A41: FR-E23 | B41: Test seti | C41: Her zaman | D41: Test setindeki her cevaplanabilir soru, cevabın dayandığı beklenen belgeleri listelemelidir. | E41: Her alıntının belgesi beklenen belgeler arasındadır; sürüm sorularında yalnız en güncel belge listelenir. | F41: Zorunlu | G41: Test | H41: Karşılandı | I41: =IF(H41="Karşılandı","✔",IF(H41="Kısmi","◐",IF(H41="Karşılanmadı","✖",""))) -> ✔ | J41: test_testset.py::test_validate_quote_doc_must_be_expected, ::test_validate_unknown_document; belge isabeti metriği bu alanı kullanır (FR-E26).
A42: FR-E24 | B42: Test seti | C42: Durum | D42: Beklenen cevap bir oran, tutar, süre veya tarih içerirken, test seti bu sayıları beklenen sayılar alanında listelemelidir. | E42: Listelenen her sayı beklenen cevapta tam sayı olarak geçer ('2', '24 ay' içinde bulunmuş sayılmaz). | F42: Önemli | G42: Test | H42: Karşılandı | I42: =IF(H42="Karşılandı","✔",IF(H42="Kısmi","◐",IF(H42="Karşılanmadı","✖",""))) -> ✔ | J42: 104 sorunun 69'unda beklenen_sayilar dolu; test_testset.py::test_validate_expected_numbers_appear_in_answer, ::test_validate_expected_number_needs_number_boundaries.
A43: FR-E4 | B43: Test seti | C43: Her zaman | D43: Test seti dokümantasyonu, soruların nasıl üretildiğini, şemasını, tür dağılımını ve inceleme durumunu açıklamalıdır. | E43: eval/README.md soruların bir dil modeli (Claude) tarafından ayrıştırılmış belgeler okunarak yazıldığını (sentetik), bunun yarattığı yanlılığı ve henüz insan incelemesinden geçmediğini açıkça yazar. | F43: Önemli | G43: İnceleme | H43: Karşılandı | I43: =IF(H43="Karşılandı","✔",IF(H43="Kısmi","◐",IF(H43="Karşılanmadı","✖",""))) -> ✔ | J43: eval/README.md (Şema, Soru türleri ve dağılım, Üretim yöntemi, Bilinen sınırlar, durum notu). | K43: Şemadaki uretim alanı 104 soruda 'manuel'dir; bu değer 'otomatik aday üreticisiyle değil, doğrudan yazıldı' anlamındadır, soruların bir insan tarafından yazıldığını göstermez.
A44: FR-E14 | B44: Test seti | C44: Her zaman | D44: Test setindeki her soru, sonuçları raporlanmadan önce bir insan tarafından gözden geçirilmelidir. | E44: Tüm sorularda dogrulandi: true; düzeltmeler review_notes alanındadır. | F44: Önemli | G44: İnceleme | H44: Karşılanmadı | I44: =IF(H44="Karşılandı","✔",IF(H44="Kısmi","◐",IF(H44="Karşılanmadı","✖",""))) -> ✖ | J44: 104 sorunun hepsi dogrulandi: false; inceleme listesi eval/review_queue.md (bekliyor). Yapılan tek inceleme bir dil modeline (Fable) aittir. | K44: Metrikler doğrulanmış/doğrulanmamış ayrımıyla da raporlanabiliyor (test_metrics.py::test_by_verified); şu an tüm sonuçlar doğrulanmamış sorulara dayanır.
A45: FR-E5 | B45: Arama değerlendirmesi | C45: Olay | D45: Getirilen parçalar beklenen belgedeki kanıt alıntısını içerdiğinde, Değerlendirme modülü aramayı isabetli saymalıdır. | E45: Eşleşme büyük/küçük harf ve boşluk farklarından bağımsızdır; alıntı aynı belgenin parçasında geçmelidir; ölçüm parçalama stratejisinden bağımsızdır, bu yüzden farklı parçalama yöntemleri aynı ölçüyle karşılaştırılır. | F45: Zorunlu | G45: Test | H45: Karşılandı | I45: =IF(H45="Karşılandı","✔",IF(H45="Kısmi","◐",IF(H45="Karşılanmadı","✖",""))) -> ✔ | J45: evaluation/matching.py; test_matching.py::test_quote_matches_across_whitespace_and_case, ::test_hits_require_same_doc, ::test_quote_split_across_two_chunks_is_miss.
A46: FR-E6 | B46: Arama değerlendirmesi | C46: Her zaman | D46: Değerlendirme modülü, cevaplanabilir sorular için Recall@5, Recall@10 ve MRR değerlerini hesaplamalıdır. | E46: Reddedilmesi gereken sorular arama metriklerine katılmaz; değerler her koşunun metrics.json dosyasına ve raporuna yazılır. | F46: Zorunlu | G46: Test | H46: Karşılandı | I46: =IF(H46="Karşılandı","✔",IF(H46="Kısmi","◐",IF(H46="Karşılanmadı","✖",""))) -> ✔ | J46: evaluation/metrics.py; test_metrics.py::test_recall_at_k_partial, ::test_mrr, ::test_unanswerable_excluded. Ölçülen (docs/sample-reports/ozet.md, RAG rehberi §4.4): R@5 v0 0,284 · v0r 0,487 · v1 0,439 · v2 0,543 · v3 0,699 · v3b 0,727; v3b R@10 0,784, MRR 0,623.
A47: FR-E26 | B47: Arama değerlendirmesi | C47: Her zaman | D47: Değerlendirme modülü, beklenen belgelerden en az birinin ilk 5 ve ilk 10 sonuç içinde gelme oranını (belge isabeti) hesaplamalıdır. | E47: metrics.json doc_hit_at_5 ve doc_hit_at_10 alanlarını içerir; belge isabeti alıntı isabetinden yüksekse doğru belge gelmiş ama doğru bölüm gelmemiştir. | F47: Önemli | G47: Test | H47: Karşılandı | I47: =IF(H47="Karşılandı","✔",IF(H47="Kısmi","◐",IF(H47="Karşılanmadı","✖",""))) -> ✔ | J47: evaluation/matching.py; test_matching.py::test_doc_hit_k; v3b belge isabeti@5 0,844, @10 0,896 (v3b.metrics.json).
A48: FR-E27 | B48: Arama değerlendirmesi | C48: Her zaman | D48: Değerlendirme modülü, arama metriklerini soru türüne göre ayrı ayrı raporlamalıdır. | E48: metrics.json by_type alanı tek belgeli, çok belgeli, sürüm ve belirsiz sorular için Recall@k, MRR ve belge isabetini ayrı verir. | F48: Önemli | G48: Test | H48: Karşılandı | I48: =IF(H48="Karşılandı","✔",IF(H48="Kısmi","◐",IF(H48="Karşılanmadı","✖",""))) -> ✔ | J48: evaluation/metrics.py by_type; test_metrics.py::test_by_type_groups. v3b R@5: tek belgeli 0,881 · çok belgeli 0,625 · sürüm 0,800 · belirsiz 0,111 (v3b.metrics.json; RAG rehberi §4.4).
A49: FR-E29 | B49: Arama değerlendirmesi | C49: Her zaman | D49: Değerlendirme modülü, her cevaplanabilir soru için kanıtın aday havuzundaki ilk sırasını kaydetmelidir. | E49: per_question.jsonl her soru için kanıt alıntısı başına ilk sırayı (evidence_hits) ve ilk isabet sırasını (first_hit_rank) içerir; sıra yeniden sıralanmış sonuçlardan sonra havuzun kalanını da (30 aday) kapsar; kanıt hiç gelmediyse boştur. | F49: Önemli | G49: Test | H49: Karşılandı | I49: =IF(H49="Karşılandı","✔",IF(H49="Kısmi","◐",IF(H49="Karşılanmadı","✖",""))) -> ✔ | J49: domain/evaluation.py QuestionResult.first_hit_rank; test_matching.py::test_first_hit_rank, ::test_each_quote_gets_its_own_rank; test_runner.py::test_ranked_results_puts_reranked_first_then_rest_of_pool, ::test_per_question_rows_valid_schema.
A50: FR-E30 | B50: Arama değerlendirmesi | C50: Her zaman | D50: Rapor üretici, her yapılandırma için kanıtın ilk sırasının dağılımını (1. sıra, 2–5, 6–30, havuzda yok) göstermelidir. | E50: Dağılım hangi katmanın neyi düzelttiğini gösterir: reranker '6–30' sütununu, parçalama ve embedding modeli 'yok' sütununu küçültür. | F50: İsteğe bağlı | G50: İnceleme | H50: Kısmi | I50: =IF(H50="Karşılandı","✔",IF(H50="Kısmi","◐",IF(H50="Karşılanmadı","✖",""))) -> ◐ | J50: RAG rehberi §4.4 tablosu (77 soru): v0 11/16/21/29 · v0r 24/19/5/29 · v3 38/22/5/12 · v3b 38/24/7/8. | K50: Dağılım per_question.jsonl'deki first_hit_rank'tan elle çıkarıldı; rapor üretici (reporting/report.py, summary.py) bu tabloyu otomatik üretmiyor.
A51: FR-E7 | B51: Cevap değerlendirmesi | C51: Her zaman | D51: Cevap değerlendirmesi, her yapılandırmanın cevaplanabilir sorulara verdiği her cevabı beklenen cevap ve atıf yapılan kaynaklarla karşılaştırarak doğru veya yanlış olarak işaretlemelidir. | E51: Altı yapılandırmanın 624 cevabı Claude (Opus) ile tek tek okunur; kararlar artifacts/judge/<koşu>_claude.json dosyalarındadır; gereksiz ret yanlış sayılır; doğruluk = doğru cevap / 79 cevaplanabilir soru; rapor üretici yalnız koşunun tüm sorularını kapsayan güncel bir incelemeyi kullanır. | F51: Zorunlu | G51: Test | H51: Karşılandı | I51: =IF(H51="Karşılandı","✔",IF(H51="Kısmi","◐",IF(H51="Karşılanmadı","✖",""))) -> ✔ | J51: reporting/review.py; test_review.py::test_apply_review_replaces_judge_metrics_and_notes, ::test_review_must_cover_every_row, ::test_stale_review_of_other_answers_is_ignored. Ölçülen (docs/sample-reports/claude-degerlendirme.md): v0 0,380 (30/79) · v0r 0,557 · v1 0,418 · v2 0,519 · v3 0,633 (50/79) · v3b 0,620 (49/79); tür bazında doğru sayıları aynı raporda. | K51: İnceleme sistemin dışında, Claude (Opus) ile yapıldı; soruları da Claude yazdığı için aynı model ailesi hem beklenen cevabı hem kararı vermiş olur.
A52: FR-E17 | B52: Cevap değerlendirmesi | C52: Her zaman | D52: Cevap değerlendirmesi, cevap verilen her soruda cevabın her iddiasının atıf yapılan kaynaklarda geçip geçmediğini (sadakat) işaretlemelidir. | E52: Sadakat = her iddiası atıf yapılan kaynakta geçen cevapların oranı; karar verilemeyen cevaplar orana katılmaz. | F52: Zorunlu | G52: Test | H52: Karşılandı | I52: =IF(H52="Karşılandı","✔",IF(H52="Kısmi","◐",IF(H52="Karşılanmadı","✖",""))) -> ✔ | J52: reporting/review.py apply_review (sadik); test_review.py::test_apply_review_replaces_judge_metrics_and_notes. Ölçülen: v0 0,532 · v2 0,696 · v3 0,806 · v3b 0,761 (claude-degerlendirme.md). | K52: İncelemede her kaynağın yaklaşık ilk 1.000 karakteri gösterildi; dayanak kesilen kısımda kaldıysa cevap sadık değil sayılmış olabilir.
A53: FR-E18 | B53: Cevap değerlendirmesi | C53: Her zaman | D53: Cevap değerlendirmesi, reddedilmesi gereken sorularda doğru ret oranını ölçmelidir. | E53: 25 soru (15 cevapsız + 10 kapsam dışı) üzerinden hesaplanır; cevap metninde 'kaynakta yok' diyen cevap da doğru ret sayılır; ret nedenleri (kapsam dışı, eşik altı, modelin 'cevaplanamaz' demesi, atıfsız cevap, dayanaksız sayı) raporda ayrıca sayılır. | F53: Zorunlu | G53: Test | H53: Karşılandı | I53: =IF(H53="Karşılandı","✔",IF(H53="Kısmi","◐",IF(H53="Karşılanmadı","✖",""))) -> ✔ | J53: reporting/review.py (dogru_ret); evaluation/metrics.py refusal_counts; test_metrics.py::test_correct_rejection, ::test_refusal_counts. Ölçülen: v3b 0,880 (22/25, en iyi) · v3 0,800 · v0r 0,680; kapsam dışı sorular altı koşunun hepsinde 10/10 (claude-degerlendirme.md).
A54: FR-E19 | B54: Cevap değerlendirmesi | C54: Her zaman | D54: Cevap değerlendirmesi, cevaplanabilir sorularda gereksiz ret oranını ölçmelidir. | E54: Gereksiz ret = reddedilen cevaplanabilir soru / 79; metrics.json generation.false_rejection_rate alanını içerir. | F54: Zorunlu | G54: Test | H54: Karşılandı | I54: =IF(H54="Karşılandı","✔",IF(H54="Kısmi","◐",IF(H54="Karşılanmadı","✖",""))) -> ✔ | J54: test_metrics.py::test_false_rejection. Ölçülen: v3b 0,076 (6/79) · v3 0,063 · en düşük v0r 0,051 · en yüksek v1 0,114 (docs/sample-reports/ozet.md).
A55: FR-E31 | B55: Cevap değerlendirmesi | C55: Olay | D55: Cevaplanabilir bir soru reddedildiğinde, cevap değerlendirmesi reddin hangi aşamadan kaynaklandığını (arama, üretim ve denetim, belirsiz) kaydetmelidir. | E55: Kanıt ilk 5 kaynakta yoksa hata aramadadır; kanıt ilk 5'te olduğu hâlde model veya denetim cevap vermediyse üretimdedir; karar verilemiyorsa belirsizdir. Sayılar her koşunun raporunda tek satırda verilir. | F55: Önemli | G55: Test | H55: Karşılandı | I55: =IF(H55="Karşılandı","✔",IF(H55="Kısmi","◐",IF(H55="Karşılanmadı","✖",""))) -> ✔ | J55: reporting/review.py review_counts (hata_yeri); reporting/report.py ERROR_PLACES, _review_line; test_report.py::test_reviewed_report_shows_claude_metrics_and_notes. Ölçülen: altı koşudaki 36 gereksiz retin 9'u arama, 16'sı üretim ve denetim, 11'i belirsiz (claude-degerlendirme.md).
A56: FR-E32 | B56: Cevap değerlendirmesi | C56: İstenmeyen | D56: Reddedilmesi gereken bir soruya dayanaksız bir cevap verildiği durumunda, cevap değerlendirmesi bu cevabı uydurma olarak saymalıdır. | E56: Uydurma sayısı her koşunun raporunda ve özet değerlendirmede verilir. | F56: Önemli | G56: Test | H56: Karşılandı | I56: =IF(H56="Karşılandı","✔",IF(H56="Kısmi","◐",IF(H56="Karşılanmadı","✖",""))) -> ✔ | J56: reporting/review.py (karar: uydurma); reporting/report.py _review_line; test_report.py::test_reviewed_report_shows_claude_metrics_and_notes. Ölçülen: v0 6 · v0r 8 · v1 4 · v2 6 · v3 5 · v3b 3 (claude-degerlendirme.md). | K56: Uydurmaların çoğu corpus'ta başka anlamda geçen bir tutarın soruya mal edilmesidir; sayı kaynakta geçtiği için sayı denetimi bunları yakalamaz.
A57: FR-E20 | B57: Cevap değerlendirmesi | C57: Her zaman | D57: Değerlendirme modülü, beklenen sayıların (oran, tutar, süre) cevapta geçip geçmediğini kural tabanlı olarak denetlemelidir. | E57: Yüzde işareti ve binlik ayırıcı farkları eşleşmeyi bozmaz; hakemsiz koşuda doğruluk bu kurala göre hesaplanır. | F57: Önemli | G57: Test | H57: Karşılandı | I57: =IF(H57="Karşılandı","✔",IF(H57="Kısmi","◐",IF(H57="Karşılanmadı","✖",""))) -> ✔ | J57: evaluation/judge.py numbers_present; test_judge.py::test_numbers_present_ignores_percent_and_separators; test_metrics.py::test_without_judge_accuracy_is_the_number_rule.
A58: FR-E33 | B58: Cevap değerlendirmesi | C58: Her zaman | D58: Değerlendirme modülü, cevaptaki atıfların beklenen kanıtı içeren kaynaklara işaret etme oranını (atıf kesinliği) kural tabanlı olarak ölçmelidir. | E58: metrics.json generation.citation_precision alanını içerir; atıfın verilen kaynaklardan birine işaret etmesi ayrıca her cevapta güvenlik önlemiyle zorunludur (FR-GR3) ve onarılan atıflar citation_repair_rate ile sayılır. | F58: Önemli | G58: Test | H58: Karşılandı | I58: =IF(H58="Karşılandı","✔",IF(H58="Kısmi","◐",IF(H58="Karşılanmadı","✖",""))) -> ✔ | J58: evaluation/judge.py, evaluation/runner.py (rule_check.atif_kesinligi); test_judge.py::test_citation_precision; test_metrics.py::test_citation_repair_rate_only_when_reported. v3b atıf kesinliği 0,463 (v3b.metrics.json).
A59: FR-E21 | B59: Cevap değerlendirmesi | C59: Her zaman | D59: Değerlendirme modülü, kaynaklarda bulunmayan (uydurma) sayı içeren cevapların oranını ölçmelidir. | E59: Güvenlik önleminden geçmiş cevaplarda da kaynakta olmayan sayılar sayılır ve raporlanır. | F59: Önemli | G59: Test | H59: Kısmi | I59: =IF(H59="Karşılandı","✔",IF(H59="Kısmi","◐",IF(H59="Karşılanmadı","✖",""))) -> ◐ | J59: metrics.py number_rejection_rate / number_strip_rate yalnız güvenlik önleminin yakaladıklarını sayar (v3b 0,033 / 0,0); test_metrics.py::test_number_guardrail_rates_over_questions_that_reached_the_llm. | K59: Denetimden geçen uydurma sayılar (ör. q083) otomatik ölçülmüyor; Claude incelemesi uydurma cevapları elle saydı (FR-E32).
A60: FR-E34 | B60: Cevap değerlendirmesi | C60: Opsiyonel | D60: Otomatik hakem etkinleştirildiğinde, Değerlendirme modülü cevap doğruluğunu ve sadakati yapılandırılmış hakem modeliyle puanlamalıdır. | E60: `rag run --no-judge` hakemi kapatır; hakemin adı metrics.json'a yazılır; raporlar otomatik hakemin kararlarını göstermez, Claude incelemesi yoksa doğruluk göstermez. | F60: İsteğe bağlı | G60: Test | H60: Karşılandı | I60: =IF(H60="Karşılandı","✔",IF(H60="Kısmi","◐",IF(H60="Karşılanmadı","✖",""))) -> ✔ | J60: evaluation/judge.py LlmJudge; test_judge.py::test_judge_parses_verdict; test_runner.py::test_judge_called_only_for_answered_answerable; test_cli_run.py::test_run_cli_no_judge; test_report.py::test_write_report_without_review_has_no_accuracy. | K60: Raporlanan sayılarda kullanılmaz. Yerel qwen3:4b hakem iyimser çıktı: v3b doğruluğu hakemle 0,848, Claude incelemesinde 0,620.
A61: FR-GR10 | B61: Cevap değerlendirmesi | C61: Her zaman | D61: Değerlendirme modülü, güvenlik önlemi eşiği için farklı eşik değerlerindeki doğru ret ve yanlış ret oranlarına dayanarak bir eşik önermelidir. | E61: Önerilen eşik, yanlış ret sınırı içinde doğru reti en yüksek tutan değerdir; raporda oranlarıyla yazılır. | F61: Önemli | G61: Gösterim | H61: Karşılandı | I61: =IF(H61="Karşılandı","✔",IF(H61="Kısmi","◐",IF(H61="Karşılanmadı","✖",""))) -> ✔ | J61: evaluation/calibration.py; test_calibration.py::test_suggest_respects_false_rejection_cap; test_report.py::test_calibration_uses_the_run_rows; docs/sample-reports/v3.md: rerank eşiği için önerilen 2 (doğru ret 0,533, yanlış ret 0,078).
A62: FR-X1 | B62: Deney karşılaştırma ve dokümantasyon | C62: Her zaman | D62: Sistem, bir deneyi tek bir YAML yapılandırma dosyasıyla tanımlayıp tek bir komutla çalıştırmalıdır. | E62: `rag run configs/experiments/v3.yaml` uçtan uca koşar; v0, v0r, v1, v2, v3, v3b hazır gelir; çıktılar artifacts/runs/<run_id>/ altına yazılır. | F62: Zorunlu | G62: Gösterim | H62: Karşılandı | I62: =IF(H62="Karşılandı","✔",IF(H62="Kısmi","◐",IF(H62="Karşılanmadı","✖",""))) -> ✔ | J62: configs/experiments/ (6 dosya); test_config.py::test_experiment_configs_match_ladder; test_runner.py::test_run_writes_three_files_and_report_path; 6 koşu 2026-10-16 (artifacts/runs/).
A63: FR-X3 | B63: Deney karşılaştırma ve dokümantasyon | C63: Her zaman | D63: Rapor üretici, her koşu için yöntemi, önceki basamakla karşılaştırmalı ana metrikleri ve iyi ve kötü örnek soruları içeren kısa bir Markdown rapor üretmelidir. | E63: Başlıkta yöntem, corpus ve hakem adı; fark sütunlu metrik tablosu; ret nedenleri ve eşik önerisi birer satır; 1 iyi ve 2 kötü örnek (soru, kanıt, cevap, hakem kararı). | F63: Zorunlu | G63: İnceleme | H63: Karşılandı | I63: =IF(H63="Karşılandı","✔",IF(H63="Kısmi","◐",IF(H63="Karşılanmadı","✖",""))) -> ✔ | J63: reporting/report.py; test_report.py::test_report_is_short_and_has_sections_in_order, ::test_key_metrics_table_with_previous_rung, ::test_header_names_run_corpus_and_judge; test_examples.py::test_examples_one_good_two_bad; docs/sample-reports/v0.md…v3b.md. | K63: Raporlar 2026-10-19'da kısaltıldı; tekniklerin kavramsal anlatımı ve dersler rehbere taşındı (FR-X12). Doğruluk, sadakat ve doğru ret Claude incelemesi varsa ondan gelir (FR-E7).
A64: FR-X8 | B64: Deney karşılaştırma ve dokümantasyon | C64: Her zaman | D64: Rapor üretici, tüm deney yapılandırmalarını aynı test setinde arama ve cevap metrikleriyle karşılaştıran bir özet rapor üretmelidir. | E64: Özet rapor koşuları merdiven sırasıyla, yöntemleri yazılı olarak tek tabloda gösterir. | F64: Önemli | G64: İnceleme | H64: Karşılandı | I64: =IF(H64="Karşılandı","✔",IF(H64="Kısmi","◐",IF(H64="Karşılanmadı","✖",""))) -> ✔ | J64: reporting/summary.py; test_summary.py::test_summary_table_lists_runs_in_ladder_order, ::test_highlight_sentence; docs/sample-reports/ozet.md.
A65: FR-X12 | B65: Deney karşılaştırma ve dokümantasyon | C65: Her zaman | D65: Proje dokümantasyonu, her deney yapılandırmasının yöntemini ve ölçülen sonuçlarını ders anlatımı biçiminde açıklamalıdır. | E65: Her basamak için ne değiştiği, metriklere etkisi ve nedeni anlatılır; örnek raporlar depodadır. | F65: Önemli | G65: İnceleme | H65: Karşılandı | I65: =IF(H65="Karşılandı","✔",IF(H65="Kısmi","◐",IF(H65="Karşılanmadı","✖",""))) -> ✔ | J65: docs/RAG-GELISTIRME-REHBERI.md §0 (yapılandırma tablosu), §2–§5 (yöntemler ve ölçülen etkileri), §7; docs/sample-reports/ (6 rapor + metrics.json + ozet.md + claude-degerlendirme.md).
A66: FR-U2 | B66: Web arayüzü | C66: Her zaman | D66: Web arayüzü, soruları ve cevapları aynı sayfada sohbet akışı olarak göstermelidir. | E66: Her soru akışa bir tur olarak eklenir; JavaScript kapalıyken de soru tam sayfa olarak cevaplanır. | F66: Zorunlu | G66: Gösterim | H66: Karşılandı | I66: =IF(H66="Karşılandı","✔",IF(H66="Kısmi","◐",IF(H66="Karşılanmadı","✖",""))) -> ✔ | J66: interfaces/web/pages.py, templates/sorgu.html; test_pages.py::test_sorgu_page_is_a_conversation_panel, ::test_turn_has_the_question_and_the_reply, ::test_full_page_with_question_renders_the_turn_without_javascript.
A67: FR-U7 | B67: Web arayüzü | C67: Her zaman | D67: Web arayüzü, her cevabın altında yalnızca o cevapta atıf yapılan kaynakları numaralı olarak listelemelidir. | E67: Kaynak satırı belge adı, konum ve bağlantı içerir; birden fazla cevabın kaynak bağlantıları çakışmaz. | F67: Zorunlu | G67: Test | H67: Karşılandı | I67: =IF(H67="Karşılandı","✔",IF(H67="Kısmi","◐",IF(H67="Karşılanmadı","✖",""))) -> ✔ | J67: test_pages.py::test_sources_block_lists_only_cited_sources, ::test_sources_block_lists_cited_sources_with_location_and_links, ::test_two_turns_never_share_anchors.
A68: FR-U8 | B68: Web arayüzü | C68: Her zaman | D68: Web arayüzü, kullanıcının cevabı üretecek yapılandırmayı (v0–v3b) yöntemleri açıkça yazılmış bir seçiciden seçmesine izin vermelidir. | E68: Seçili yapılandırmanın parçalama, embedding, arama, reranker ve LLM bilgisi gösterilir; indeksi olmayan yapılandırma 'indeks yok' notuyla pasiftir. | F68: Önemli | G68: Test | H68: Karşılandı | I68: =IF(H68="Karşılandı","✔",IF(H68="Kısmi","◐",IF(H68="Karşılanmadı","✖",""))) -> ✔ | J68: interfaces/web/about.py describe_methods; test_pages.py::test_config_selector_uses_plain_labels, ::test_selected_config_methods_are_shown_under_the_selector, ::test_configs_without_index_are_disabled_in_the_selector.
A69: FR-U3 | B69: Web arayüzü | C69: Her zaman | D69: Web arayüzü, corpus kaynaklarını, belge sayılarını, kullanılan modelleri, yöntemleri ve güvenlik önlemlerini anlatan bir Hakkında sayfası sunmalıdır. | E69: Sayfa yapılandırma ve manifestlerden üretilir; ingest gibi yönetim düğmeleri içermez. | F69: Önemli | G69: Gösterim | H69: Karşılandı | I69: =IF(H69="Karşılandı","✔",IF(H69="Kısmi","◐",IF(H69="Karşılanmadı","✖",""))) -> ✔ | J69: templates/hakkinda.html; test_pages.py::test_about_page_describes_corpus_models_and_methods, ::test_about_page_has_no_ingest_controls, ::test_old_documents_page_redirects_to_about. | K69: Eski Belgeler ve Deneyler sayfaları kaldırıldı; /belgeler adresi /hakkinda'ya yönlenir.
A70: FR-U11 | B70: Web arayüzü | C70: Olay | D70: Kullanıcı bir kaynağın önizleme bağlantısına tıkladığında, Web arayüzü belgenin kimlik bilgilerini ve ayrıştırılmış bölümlerini göstermelidir. | E70: Önizleme bölümlere bağlantı verir; bilinmeyen belge için 404 sayfası açılır. | F70: İsteğe bağlı | G70: Test | H70: Karşılandı | I70: =IF(H70="Karşılandı","✔",IF(H70="Kısmi","◐",IF(H70="Karşılanmadı","✖",""))) -> ✔ | J70: test_pages.py::test_document_preview_lists_sections_with_anchors, ::test_unknown_document_is_404_page.
A71: FR-U5 | B71: Web arayüzü | C71: Her zaman | D71: Web arayüzü, betik, stil ve yazı tiplerini harici bir sunucuya bağlanmadan ve ayrı bir frontend derleme adımı gerektirmeden sunmalıdır. | E71: Sayfalar sunucu tarafında üretilir (FastAPI + Jinja2 + HTMX); Node/npm gerekmez; CDN bağlantısı yoktur. | F71: Önemli | G71: Test | H71: Karşılandı | I71: =IF(H71="Karşılandı","✔",IF(H71="Kısmi","◐",IF(H71="Karşılanmadı","✖",""))) -> ✔ | J71: interfaces/web/static/ (htmx.min.js, fonts/); test_pages.py::test_no_external_scripts_or_styles; test_app.py::test_static_assets_are_served_locally.
A72: FR-HF1 | B72: Barındırılan sürüm (Hugging Face Spaces) | C72: Her zaman | D72: Barındırılan sürüm, Hugging Face Spaces'te ZeroGPU üzerinde çalışan bir Gradio uygulaması olarak cevap modelini (Qwen3 4B), embedding modellerini ve yeniden sıralayıcıyı Space'in GPU'sunda çalıştırmalıdır. | E72: Space yerel kurulum ve API anahtarı gerektirmeden açılır ve soru cevaplar; dil modeli Qwen/Qwen3-4B, llm.provider: transformers ile süreç içinde çalışır; embedder, reranker ve LLM cuda'dadır; GPU yalnız soru cevaplanırken bağlanır. | F72: Önemli | G72: Gösterim | H72: Karşılandı | I72: =IF(H72="Karşılandı","✔",IF(H72="Kısmi","◐",IF(H72="Karşılanmadı","✖",""))) -> ✔ | J72: app_gradio.py; interfaces/gradio_app/ (app.py, chat.py, gpu.py, settings.py); deploy/hf-space-gradio/space-overlay.yaml (embedder/reranker/llm device: cuda, llm.provider: transformers); test_settings.py::test_repository_zerogpu_overlay_is_valid; test_gpu.py::test_with_spaces_the_function_is_wrapped_with_the_duration; test_transformers_llm.py. Canlı Space https://huggingface.co/spaces/lolalol57/tubitak-mevzuat-rag 2026-10-21'de denendi: kaynaklı cevap verdi, kapsam dışı soruyu reddetti.
A73: FR-HF2 | B73: Barındırılan sürüm (Hugging Face Spaces) | C73: Her zaman | D73: Barındırılan sürüm, Qdrant ve Ollama olmadan önceden hesaplanmış NumPy indeks paketiyle arama yapmalıdır. | E73: Paket `rag export-space` ile üretilir (3 koleksiyon, ~149 MB); vektör deposu salt okunur vector_store.provider: numpy'dir ve bellekte Qdrant ile aynı kosinüs skorlarını verir; yöntemler (parçalama, hibrit arama, reranker, eşikler) deney yapılandırmalarıyla aynıdır. | F73: Önemli | G73: Test | H73: Karşılandı | I73: =IF(H73="Karşılandı","✔",IF(H73="Kısmi","◐",IF(H73="Karşılanmadı","✖",""))) -> ✔ | J73: adapters/numpy_store.py; interfaces/space_bundle.py; deploy/hf-space-gradio/prepare_space.py, KURULUM.md; test_settings.py::test_build_backend_fetches_the_space_index_for_the_numpy_store; tests/unit/adapters/test_numpy_store.py; tests/unit/interfaces/test_space_bundle.py.
A74: FR-HF3 | B74: Barındırılan sürüm (Hugging Face Spaces) | C74: Her zaman | D74: Barındırılan sürüm, web arayüzüyle aynı sohbet akışını, yapılandırma seçicisini ve cevap başına numaralı kaynak listesini sunmalıdır. | E74: Arka uç web arayüzüyle aynıdır (PipelineBackend); Hakkında içeriği ve uyarı metni aynıdır; ret cevapları kaynaksızdır. | F74: Önemli | G74: Test | H74: Karşılandı | I74: =IF(H74="Karşılandı","✔",IF(H74="Kısmi","◐",IF(H74="Karşılanmadı","✖",""))) -> ✔ | J74: interfaces/gradio_app/view.py, content.py; test_view.py::test_answered_turn_has_linked_citations_and_numbered_sources, ::test_selector_helpers; test_chat.py::test_selector_choices_default_and_methods; test_content.py::test_answer_lists_only_cited_sources_with_links_and_context, ::test_about_sections_mirror_the_web_page, ::test_refusals_follow_the_web_texts.
A75: FR-A1 | B75: REST API | C75: Her zaman | D75: REST API, soru sorma, belge listeleme, ingest başlatma, koşu listeleme, koşu başlatma, koşu ayrıntısı, rapor ve sağlık kontrolü uç noktalarını OpenAPI belgeleriyle sunmalıdır. | E75: 8 uç nokta /api altında yanıt verir; /docs sayfası açılır; uzun işler 202 ve iş kimliğiyle başlar. | F75: Zorunlu | G75: Test | H75: Karşılandı | I75: =IF(H75="Karşılandı","✔",IF(H75="Kısmi","◐",IF(H75="Karşılanmadı","✖",""))) -> ✔ | J75: interfaces/web/api.py; test_api.py::test_ask_returns_answer_with_citations_and_disclaimer, ::test_ingest_starts_job_202, ::test_runs_list_and_detail, ::test_run_report_markdown_and_html, ::test_health_ok, ::test_openapi_docs_available.
A76: FR-A4 | B76: REST API | C76: İstenmeyen | D76: Bir istek geçersiz olduğu veya işlenirken hata oluştuğu durumunda, REST API Türkçe ve tutarlı bir {hata, detay} gövdesi döndürmelidir. | E76: Geçersiz istek 422, bilinmeyen kayıt 404, GPU meşgul 409, servis kapalı 503, beklenmeyen hata 500 döner; gövde aynı şemadadır. | F76: Önemli | G76: Test | H76: Karşılandı | I76: =IF(H76="Karşılandı","✔",IF(H76="Kısmi","◐",IF(H76="Karşılanmadı","✖",""))) -> ✔ | J76: interfaces/web/errors.py; test_errors.py::test_validation_error_is_422_with_turkish_title_and_details, ::test_gpu_lock_is_409, ::test_unavailable_service_is_503, ::test_unexpected_error_is_500_with_message.
A77: FR-A5 | B77: REST API | C77: İstenmeyen | D77: Yetkisiz bir istek ingest veya deney koşusu başlatmaya çalıştığı durumunda, REST API isteği işi başlatmadan reddetmelidir. | E77: Kimlik doğrulaması olmayan POST /api/ingest ve POST /api/runs istekleri iş başlatmaz; sahte localhost başlıkları yetki vermez. | F77: Önemli | G77: Test | H77: Karşılandı | I77: =IF(H77="Karşılandı","✔",IF(H77="Kısmi","◐",IF(H77="Karşılanmadı","✖",""))) -> ✔ | J77: interfaces/web/api.py require_admin (TUBITAK_RAG_ADMIN_TOKEN + Bearer); test_admin_security.py (anonim, geçersiz anahtar, sahte localhost başlığı, sunucu anahtarı yok, geçerli anahtar). | K77: Anahtar tanımlı değilse ingest ve deney başlatma uç noktaları kapalıdır (403); soru sorma açık kalır.
A78: FR-CLI1 | B78: Komut satırı arayüzü | C78: Her zaman | D78: Komut satırı arayüzü, fetch, ingest, run, report, ask, serve, export-index ve export-space komutlarını sunmalıdır. | E78: `rag --help` bu komutları listeler; geçersiz yapılandırmada komut 2 koduyla durur. | F78: Zorunlu | G78: Test | H78: Karşılandı | I78: =IF(H78="Karşılandı","✔",IF(H78="Kısmi","◐",IF(H78="Karşılanmadı","✖",""))) -> ✔ | J78: interfaces/cli.py; test_cli.py::test_help_lists_six_commands, ::test_ask_cli_prints_answer_and_sources, ::test_serve_starts_uvicorn_with_the_lazy_pipeline_backend; test_index_bundle_cli.py. | K78: Uygulanmamış eval-gen yer tutucusu kaldırıldı.
A79: FR-CLI2 | B79: Komut satırı arayüzü | C79: Her zaman | D79: Komut satırı arayüzü, kurulu indeksi başka bir makinede yüklenebilecek, SHA-256 özetli bir pakete aktarmalıdır. | E79: `rag export-index` her yapılandırmanın koleksiyonunu, BM25 indeksini ve manifest.json'u yazar. | F79: Önemli | G79: Test | H79: Karşılandı | I79: =IF(H79="Karşılandı","✔",IF(H79="Kısmi","◐",IF(H79="Karşılanmadı","✖",""))) -> ✔ | J79: interfaces/index_bundle.py; test_index_bundle.py::test_export_writes_snapshots_bm25_meta_and_manifest; test_index_bundle_cli.py::test_export_index_uses_every_experiment_collection; ölçüm: 3 koleksiyon, 7,5 s; paket 243,7 MB (.env.example, README ~244 MB).
A80: FR-CLI3 | B80: Komut satırı arayüzü | C80: Olay | D80: Yapılandırma ücretli bir harici dil modeli API'si seçtiğinde, Komut satırı arayüzü deney koşusu başlamadan önce isteklerin dış servise gideceğini ve ücretlendirileceğini bildirmelidir. | E80: Uyarı cevap modeli veya hakem harici bir API olduğunda stderr'e yazılır. | F80: Önemli | G80: Test | H80: Karşılandı | I80: =IF(H80="Karşılandı","✔",IF(H80="Kısmi","◐",IF(H80="Karşılanmadı","✖",""))) -> ✔ | J80: interfaces/cli.py run uyarısı, config.py LlmConfig.is_external; test_cli_run.py::test_run_cli_warns_when_an_api_provider_is_configured, ::test_run_cli_warns_for_a_hosted_openai_compatible_endpoint, ::test_run_cli_does_not_warn_for_a_local_openai_compatible_endpoint. | K80: Anthropic ve yerel olmayan OpenAI uyumlu uç noktalar için uyarı verilir; yerel Ollama /v1 için verilmez.
A81: NFR-DOCKER1 | B81: Docker paketi ve donanım | C81: Her zaman | D81: Docker paketi, uygulamayı, Qdrant'ı ve Ollama'yı gerekli modelleri indirerek tek bir docker compose komutuyla başlatmalıdır. | E81: `docker compose up` sonrası arayüz localhost'ta açılır; indeks, modeller ve koşu sonuçları adlandırılmış volume'larda kalıcıdır. | F81: Zorunlu | G81: Gösterim | H81: Karşılandı | I81: =IF(H81="Karşılandı","✔",IF(H81="Kısmi","◐",IF(H81="Karşılanmadı","✖",""))) -> ✔ | J81: docker-compose.yml; test_compose_file.py::test_stack_has_app_qdrant_ollama_and_init, ::test_named_volumes_persist_index_models_and_runs; test_bootstrap.py::test_first_start_pulls_model_warms_and_ingests; README: paketle ilk açılış imaj derleme hariç ~4 dk (GPU), sonraki ~15 s; README, Docker bölümü.
A82: NFR-DOCKER4 | B82: Docker paketi ve donanım | C82: Opsiyonel | D82: GPU eki etkinleştirildiğinde, Docker paketi CUDA'lı PyTorch içeren imajla modelleri NVIDIA GPU üzerinde çalıştırmalıdır. | E82: docker-compose.gpu.yml GPU ayırır ve ayrı etiketli imaj derler; GPU görünmezse sessizce CPU'ya düşülmez. | F82: Önemli | G82: Gösterim | H82: Karşılandı | I82: =IF(H82="Karşılandı","✔",IF(H82="Kısmi","◐",IF(H82="Karşılanmadı","✖",""))) -> ✔ | J82: docker-compose.gpu.yml, Dockerfile (TORCH_INDEX_URL); test_compose_file.py::test_gpu_override_reserves_nvidia_devices; README: RTX 3080'de sıcak soru ~2,3 s.
A83: NFR-DOCKER5 | B83: Docker paketi ve donanım | C83: Olay | D83: Hazır indeks paketi bulunduğunda, Docker paketi belge indirme, ayrıştırma ve embedding adımlarını atlayıp indeksi paketten yüklemelidir. | E83: Paket yerel klasörden veya INDEX_BUNDLE_URL'den alınır; her dosya SHA-256 ile doğrulanır; dolu bir koleksiyonun üzerine yazılmaz. | F83: Önemli | G83: Test | H83: Karşılandı | I83: =IF(H83="Karşılandı","✔",IF(H83="Kısmi","◐",IF(H83="Karşılanmadı","✖",""))) -> ✔ | J83: test_bootstrap.py::test_bundle_restore_skips_fetch_and_ingest; test_index_bundle.py::test_restore_rejects_a_tampered_file, ::test_restore_is_idempotent_and_never_overwrites, ::test_remote_bundle_downloads_verifies_and_restores; test_compose_file.py::test_init_reads_the_prebuilt_index_bundle (varsayılan INDEX_BUNDLE_URL: Hugging Face veri seti lolalol57/tubitak-mevzuat-rag-index); ölçüm: boş volume'larla GPU'da init 227 s (paket geri yükleme 9 s).
A84: NFR-DOCKER6 | B84: Docker paketi ve donanım | C84: Opsiyonel | D84: HF_TOKEN ortam değişkeni tanımlandığında, Docker paketi bu token'ı imaja yazmadan model indirmelerinde kullanmalıdır. | E84: Token yalnız tanımlıysa container'a geçer; erişim reddinde HF_TOKEN'ı açıklayan Türkçe hata verilir. | F84: İsteğe bağlı | G84: Test | H84: Karşılandı | I84: =IF(H84="Karşılandı","✔",IF(H84="Kısmi","◐",IF(H84="Karşılanmadı","✖",""))) -> ✔ | J84: test_compose_file.py::test_hf_token_is_passed_through_only_when_set; test_bootstrap.py::test_hf_access_error_explains_hf_token.
A85: NFR-HW1 | B85: Docker paketi ve donanım | C85: Her zaman | D85: Sistem, varsayılan yapılandırmayla GPU bulunmayan sıradan bir bilgisayarda çalışmalıdır. | E85: Varsayılan LLM 8 milyar parametrenin altındadır (qwen3:4b); CPU modunda bir soru uçtan uca cevaplanır. | F85: Zorunlu | G85: Gösterim | H85: Karşılandı | I85: =IF(H85="Karşılandı","✔",IF(H85="Kısmi","◐",IF(H85="Karşılanmadı","✖",""))) -> ✔ | J85: test_config.py::test_default_llm_is_under_8b; test_compose_file.py::test_default_stack_is_cpu_and_local; README: CPU Docker yığınında uçtan uca soru 12–57 s.
A86: NFR-HW2 | B86: Docker paketi ve donanım | C86: Durum | D86: Cihaz ayarı 'auto' iken, sistem modelleri uyumlu bir GPU varsa GPU'da, yoksa CPU'da çalıştırmalıdır. | E86: TUBITAK_RAG_DEVICE=auto|cpu|cuda ayarı ezer; 'cuda' seçilip GPU yoksa yapılandırma hatası verilir. | F86: Önemli | G86: Test | H86: Karşılandı | I86: =IF(H86="Karşılandı","✔",IF(H86="Kısmi","◐",IF(H86="Karşılanmadı","✖",""))) -> ✔ | J86: device_policy.py; test_device_policy.py::test_choose_device, ::test_apply_policy_on_cpu_only_machine, ::test_cuda_without_gpu_is_a_config_error.
A87: NFR-PERF1 | B87: Docker paketi ve donanım | C87: Her zaman | D87: Sistem, varsayılan CPU modunda tek bir soru için arama ve yeniden sıralamayı 5 saniyenin altında tamamlamalıdır. | E87: CPU'da yeniden sıralanacak aday sayısı yapılandırılabilir bir üst sınırla kısıtlanır. | F87: Önemli | G87: Analiz | H87: Karşılandı | I87: =IF(H87="Karşılandı","✔",IF(H87="Kısmi","◐",IF(H87="Karşılanmadı","✖",""))) -> ✔ | J87: device_policy.py (cpu_max_candidates: 6); test_device_policy.py::test_plan_caps_candidates_on_cpu; README: Docker CPU'da 6 adayla 4,7 s.
A88: NFR-MOD2 | B88: Yazılım kalitesi ve testler | C88: Her zaman | D88: Sistem, yeni bir embedding, reranker, dil modeli veya vektör veritabanı uygulamasının tek bir dosya ve tek bir kayıt satırıyla eklenmesine izin vermelidir. | E88: Bileşenler ports/ altındaki arayüzlerle kullanılır; docs/mimari.md 'yeni reranker ekleme' örneğini içerir. | F88: Önemli | G88: Test | H88: Karşılandı | I88: =IF(H88="Karşılandı","✔",IF(H88="Kısmi","◐",IF(H88="Karşılanmadı","✖",""))) -> ✔ | J88: ports/; factory.py; test_factory.py::test_registering_new_component_is_one_line; test_protocols.py; docs/mimari.md §6.
A89: NFR-MOD3 | B89: Yazılım kalitesi ve testler | C89: Her zaman | D89: Çekirdek paket, hiçbir web çatısını (FastAPI, Gradio) içe aktarmamalıdır. | E89: interfaces/ dışındaki modüllerde fastapi/gradio import'u yoktur; web ve Gradio arayüzleri aynı çekirdeği kullanır. | F89: Zorunlu | G89: Test | H89: Karşılandı | I89: =IF(H89="Karşılandı","✔",IF(H89="Kısmi","◐",IF(H89="Karşılanmadı","✖",""))) -> ✔ | J89: test_architecture.py::test_core_does_not_import_web_frameworks, ::test_heavy_libs_only_in_adapters_and_lazily.
A90: NFR-TEST1 | B90: Yazılım kalitesi ve testler | C90: Her zaman | D90: Proje deposu, her kaynak modülü için bir birim testi modülü içermelidir. | E90: tests/unit/ yapısı src/ yapısını aynalar (testle denetlenir). | F90: Zorunlu | G90: Test | H90: Karşılandı | I90: =IF(H90="Karşılandı","✔",IF(H90="Kısmi","◐",IF(H90="Karşılanmadı","✖",""))) -> ✔ | J90: test_architecture.py::test_unit_tests_mirror_src; pytest tests/unit 2026-10-21: 1520 geçti, 12 bilinen açık strict xfail (test_question_grounding_security.py).
A91: NFR-TEST2 | B91: Yazılım kalitesi ve testler | C91: Her zaman | D91: Birim testleri, harici servis, model indirmesi veya API anahtarı gerektirmeden çalışmalıdır. | E91: Servisler kapalıyken ve torch kurulu değilken `pytest tests/unit` geçer. | F91: Zorunlu | G91: Test | H91: Karşılandı | I91: =IF(H91="Karşılandı","✔",IF(H91="Kısmi","◐",IF(H91="Karşılanmadı","✖",""))) -> ✔ | J91: tests/fakes/; pyproject.toml addopts "-m 'not integration'"; test_architecture.py::test_heavy_libs_only_in_adapters_and_lazily; tam birim test süresi ~60 s (2026-10-21).
A92: NFR-TEST3 | B92: Yazılım kalitesi ve testler | C92: Her zaman | D92: Çekirdek paketin birim testi satır kapsamı en az %80 olmalıdır. | E92: pytest-cov raporu ≥ %80. | F92: Önemli | G92: Test | H92: Karşılandı | I92: =IF(H92="Karşılandı","✔",IF(H92="Kısmi","◐",IF(H92="Karşılanmadı","✖",""))) -> ✔ | J92: pytest tests/unit --cov=tubitak_rag 2026-10-21: %98 (6.843 ifade, 129 kapsanmayan).
... A97: NFR-LANG1 | B97: Güvenlik, gizlilik ve dil | C97: Her zaman | D97: Sistem, kullanıcı arayüzünü, hata mesajlarını, komut çıktılarını ve raporları Türkçe sunmalıdır. | E97: Arayüz metinleri, API hata gövdeleri, CLI çıktıları ve raporlar Türkçedir. | F97: Zorunlu | G97: İnceleme | H97: Karşılandı | I97: =IF(H97="Karşılandı","✔",IF(H97="Kısmi","◐",IF(H97="Karşılanmadı","✖",""))) -> ✔ | J97: test_prompts.py::test_fixed_messages_are_turkish; test_errors.py::test_validation_error_is_422_with_turkish_title_and_details; test_pipeline.py::test_every_refusal_reason_has_a_turkish_label; docs/sample-reports/.
A98: NFR-LIC1 | B98: Güvenlik, gizlilik ve dil | C98: Her zaman | D98: Proje deposu, MIT lisans dosyasını ve kullanılan modellerin lisans listesini içermelidir. | E98: LICENSE ve README'de model lisans tablosu bulunur. | F98: Önemli | G98: İnceleme | H98: Kısmi | I98: =IF(H98="Karşılandı","✔",IF(H98="Kısmi","◐",IF(H98="Karşılanmadı","✖",""))) -> ◐ | J98: LICENSE (MIT); README §Lisans; static/fonts/OFL.txt, static/htmx.LICENSE.txt. | K98: README'de EmbeddingGemma 2, bge-m3, bge-reranker-v2-m3 ve Qwen3 için lisans tablosu yok.

Sheet EARS Kalıpları
A1: Tip | B1: Kalıp | C1: Örnek
A2: Her zaman | B2: <Özne>, <nesne> <eylem>-malıdır/-melidir. | C2: Web arayüzü, her cevabın altında yalnızca o cevapta atıf yapılan kaynakları numaralı olarak listelemelidir.
A3: Olay | B3: <Olay> -dığında/-diğinde, <özne> <eylem>-malıdır. | C3: Corpus'ta bir belge eklendiğinde, değiştiğinde veya silindiğinde, sistem yalnızca o belgenin dense ve BM25 indeks kayıtlarını güncellemelidir.
A4: Durum | B4: <Durum> iken, <özne> <eylem>-malıdır. | C4: Cihaz ayarı 'auto' iken, sistem modelleri uyumlu bir GPU varsa GPU'da, yoksa CPU'da çalıştırmalıdır.
A5: İstenmeyen | B5: <İstenmeyen durum> durumunda, <özne> <eylem>-malıdır. | C5: Soru TÜBİTAK destek programları ve Ar-Ge mevzuatı kapsamı dışında olduğu durumunda, sistem soruyu kapsam dışı olduğunu belirterek reddetmelidir.
A6: Opsiyonel | B6: <Özellik> etkinleştirildiğinde, <özne> <eylem>-malıdır. | C6: Kök bulma seçeneği etkinleştirildiğinde, sistem BM25 belirteçlerine Türkçe kök bulma uygulamalıdır.
A8: Kurallar
A9: • Her ihtiyaç tek bir yükümlülük içerir (tek '-malıdır/-melidir').
A10: • Özne açıkça yazılır: Sistem, Corpus, Test seti, Web arayüzü, REST API, Komut satırı arayüzü, Değerlendirme modülü, Cevap değerlendirmesi, Rapor üretici, Docker paketi, Barındırılan sürüm…
A11: • İhtiyaç aracı kullanan kişinin (soru soran, RAG öğrenen, aracı çalıştıran, katkıda bulunan) bakışıyla yazılır; geliştirme süreci ihtiyaç değildir.
A12: • İhtiyaç 'ne' yapılacağını söyler; 'nasıl' yapılacağı kabul kriterinde ve tasarımda yer alır.
A13: • Her ihtiyaç bir doğrulama yöntemiyle (Test, Gösterim, İnceleme, Analiz) ve somut bir kanıtla eşleşir.

Sheet Sözlük
A1: Terim | B1: Açıklama
A2: RAG | B2: Retrieval-Augmented Generation: dil modelinin cevabı, aranan belge parçalarına dayanarak üretmesi.
A3: Parça (chunk) | B3: Belgenin arama ve embedding için bölündüğü metin birimi.
A4: Embedding | B4: Metnin anlamını temsil eden sayısal vektör.
A5: Dense arama | B5: Sorgu ve parça vektörleri arasındaki benzerliğe dayalı anlamsal arama.
A6: BM25 | B6: Kelime eşleşmesi ve kelime nadirliğine dayalı klasik (sparse) arama algoritması.
A7: Hibrit arama | B7: Dense ve BM25 sonuçlarının birleştirilmesi.
A8: RRF | B8: Reciprocal Rank Fusion: sıralamaları 1/(k+sıra) ile birleştiren yöntem (k=60).
A9: Yeniden sıralayıcı | B9: Aday parçaları soru ile birlikte okuyup yeniden puanlayan cross-encoder model.
A10: Guardrail | B10: Uydurma cevabı ve kapsam dışı kullanımı engelleyen güvenlik önlemi.
A11: Kanıt alıntısı | B11: Test setinde doğru cevabın geçtiği birebir metin parçası; arama isabetini ölçmek için kullanılır.
A12: Recall@k | B12: Doğru kanıtın ilk k sonuç içinde bulunduğu soruların oranı.
... A19: Artımlı indeksleme | B19: Yalnızca yeni, değişen veya silinen belgelerin indekste güncellenmesi.

Sheet Değişiklik Geçmişi
A1: Tarih | B1: Sürüm | C1: Yazan | D1: Değişiklik
A2: 2026-10-15 | B2: 0.1 | C2: Claude | D2: İlk taslak (Markdown tabloları).
A3: 2026-10-15 | B3: 1.0 | C3: Claude | D3: İhtiyaçlar EARS kalıbına göre tek yükümlülüklü cümlelere dönüştürüldü; tek kaynak YAML + Excel takip matrisi.
A4: 2026-10-19 | B4: 2.0 | C4: Claude | D4: İhtiyaçlar ürün ve kullanıcı bakışıyla yeniden yazıldı (109 → 94). Geliştirme sürecine ve yapay zekâ ajanının çalışma biçimine dair maddeler çıkarıldı; corpus kapsamı, test seti (cevaplanacak, reddedilecek, belirsiz ve sürüm soruları) ve arama ile cevap değerlendirmesi ayrı ihtiyaçlar olarak yazıldı; arayüz güncel ürüne (sohbet sayfası + Hakkında) göre güncellendi. Her ihtiyacın durumu ve kanıtı kod, testler ve ölçülen sonuçlarla doğrulandı.
A5: 2026-10-19 | B5: 2.0 | C5: Claude | D5: Kaldırılan süreç maddeleri: SR-1 (aşama başına geliştirme günlüğü), SR-2 (her aşamada inceleme ajanı), SR-3 (aşama başına commit), SR-4 (proje sonunda karşılama matrisi), FR-U5'in eski hâli (taste-skill kuralları, gerekçe günlükte; yerel varlıklar ihtiyacına dönüştü), NFR-LANG1'deki geliştirme günlüğü dili, NFR-LANG2 (İngilizce tanımlayıcılar), NFR-CLEAN3 (fabrika katmanı), NFR-TEST4 (entegrasyon işareti), FR-CLI1'deki eval-gen komutu (uygulanmadı; test seti elle yazıldı).
A6: 2026-10-19 | B6: 2.0 | C6: Claude | D6: Ürün değiştiği için kaldırılan/dönüşen: FR-U4 (Deneyler sayfası kaldırıldı; raporlar REST API ve docs/sample-reports üzerinden), FR-U3 (ingest düğmeli Belgeler sayfası → Hakkında sayfası), FR-U2 (kaynak paneli → sohbet akışı), FR-U6 (Streamlit sürümü 'Barındırılan sürüm' kategorisine taşındı), FR-C5 (kılavuzların başlık/paragraf bölünmesi; tasarım ayrıntısı, test_guide_parser.py ile korunuyor).
A7: 2026-10-19 | B7: 2.0 | C7: Claude | D7: Birleştirilen: FR-D2 → FR-D1/FR-D3; FR-P2 → FR-P3; FR-P7, FR-C3, FR-C4 → FR-C2; FR-P8, FR-C7, FR-G1, FR-G2 → FR-G3; FR-I1, FR-I3, FR-I4, FR-I6 → FR-I2; FR-I5 → FR-X9; FR-R2 → FR-R3; FR-RR2, FR-GR9 → FR-GR1; FR-E2 → FR-E13; FR-E8 → FR-X3; FR-E7 → FR-E7, FR-E17, FR-E18, FR-E19; FR-X2, FR-X10 → FR-X1; FR-X4…FR-X7 → FR-X3; NFR-REPRO2 → NFR-REPRO1; FR-A2 → FR-A1; FR-A3 → FR-A4; FR-U1 → FR-U5; NFR-DOCKER2, NFR-DOCKER3 → NFR-DOCKER1; NFR-HW3 → NFR-HW1; NFR-MOD1 → NFR-MOD2; NFR-CLEAN1, NFR-CLEAN2 → NFR-CI1.
A8: 2026-10-21 | B8: 2.1 | C8: Claude | D8: Streamlit sürümü kaldırıldı: FR-U6 Kapsam dışı; FR-HF1 barındırılan Gradio + ZeroGPU Space'e göre yeniden yazıldı; NFR-MOD3'te Streamlit yerine Gradio. NFR-DOCKER5: hazır indeks paketi varsayılan olarak Hugging Face veri setinden indirilir.
A9: 2026-10-19 | B9: 2.0 | C9: Claude | D9: Yeni: FR-D6, FR-D7, FR-D8 (corpus kapsamı), FR-D10 (site erişim kuralları), FR-D12 (sürümler), FR-G6, FR-GR11, FR-E9, FR-E11, FR-E12, FR-E13, FR-E14 (test seti), FR-E17…FR-E21 (cevap metrikleri), FR-U7, FR-U8, FR-U11, FR-HF1, FR-A5, FR-CLI2, FR-CLI3, NFR-DOCKER4, NFR-DOCKER5, NFR-DOCKER6, NFR-SEC1.
A10: 2026-10-21 | B10: 2.2 | C10: Claude | D10: Corpus ve veri edinimi kategorisi kaldırıldı (FR-D6, FR-D7, FR-D8, FR-D1, FR-D3, FR-D10, FR-D4, FR-D5, FR-D12). Ürün, belgelerin elde olduğu ve indekslendiği noktadan başlar; belgeleri bulmak ve indirmek ürün ihtiyacı değil, corpus hazırlığıdır (rehber §1). Ayrıştırma ve temizleme ihtiyaçları kalır.
A11: 2026-10-21 | B11: 2.3 | C11: Claude | D11: Kaldırılan: NFR-REPRO1 (aynı girdilerle aynı arama metrikleri; ürün sahibi gerekli görmedi), FR-U6 (Streamlit sürümü; Streamlit artık yok, madde tamamen silindi), NFR-CI1 (CI hattı; projede kullanılan bir CI hattı yok, .github/workflows/ci.yml dosyası duruyor). Geliştirme planı (docs/plan.md, docs/plan/) depodan kaldırıldı.
A12: 2026-10-21 | B12: 2.3 | C12: Claude | D12: Barındırılan sürüm üç ihtiyaca bölündü: FR-HF1 (Gradio + ZeroGPU, Qwen3 4B, embedding ve reranker Space GPU'sunda), FR-HF2 (Qdrant ve Ollama olmadan hazır NumPy indeksi), FR-HF3 (web arayüzüyle aynı sohbet, yapılandırma seçici ve numaralı kaynaklar). FR-G4 iki ihtiyaca bölündü: FR-G4 (cevap modeli: Ollama ile yerel model veya OpenAI uyumlu API; ayrıca Anthropic ve transformers) ve FR-G7 (hakem modeli, cevap modelinden bağımsız ve isteğe bağlı).
A13: 2026-10-21 | B13: 2.3 | C13: Claude | D13: Test ihtiyaçları ayrıntılandırıldı. Test seti: FR-E1 tür dağılımını sayar; yeni FR-E16 (cevaplanmalı/reddedilmeli etiketi), FR-E22 (beklenen cevap), FR-E23 (beklenen belgeler), FR-E24 (beklenen sayılar); FR-E4 sentetik üretimi açıkça yazar. Arama testi: FR-E6 Recall@5/@10 ve MRR'ye daraltıldı; yeni FR-E26 (belge isabeti), FR-E27 (soru türüne göre), FR-E29 (kanıtın ilk sırası), FR-E30 (ilk sıra dağılımı). Cevap testi: FR-E7, FR-E17, FR-E18, FR-E19 Claude (Opus) incelemesine göre yeniden yazıldı; yeni FR-E31 (gereksiz retin aşaması), FR-E32 (uydurma cevaplar), FR-E33 (atıf kesinliği), FR-E34 (isteğe bağlı otomatik hakem).
