Workbook

Sheet Özet
A1: TÜBİTAK Mevzuatı RAG — Testler
A2: Oluşturma: 2026-10-27 · Koşular: v0_20261016-004903, v0r_20261016-005933, v1_20261016-011056, v2_20261016-012233, v3_20261016-013413, v3b_20261016-014819
A3: Kaynaklar: eval/testset_v1.jsonl, artifacts/runs/*/per_question.jsonl, artifacts/judge/*_claude.json (Claude incelemesi), tests/unit (pytest). Bu dosya build_tests_xlsx.py ile üretilir; tablolardaki değerler diğer sayfalara formülle bağlıdır.
A5: Neler, nasıl test edildi?
A6: 1. Arama testi: cevaplanabilir her sorunun kanıt alıntısı (belgede birebir geçen cümle) getirilen 30 parçada aranır → Recall@5, Recall@10, MRR. Hakemden bağımsızdır.
A7: 2. Cevap testi: altı yapılandırmanın 624 cevabı Claude (Opus) ile tek tek okundu → doğru / yanlış, kaynağa sadık, doğru ret, gereksiz ret, uydurma.
A8: 3. Kural kontrolleri: beklenen sayılar cevapta mı, sayı ve atıf denetimleriyle ret, belirsiz soruda programlara ayırma (kodla hesaplanır).
A9: 4. Birim testleri: tests/unit altında çevrimdışı pytest testleri (sahte bileşenlerle; GPU, Docker, API yok).
A10: Yapılandırmalar aynı test setini ve aynı cevap modelini (qwen3:4b) kullanır; her basamak bir öncekine göre tek bir şeyi değiştirir.
A12: Test seti – soru türlerine göre
A13: Tür | B13: Soru | C13: Kolay | D13: Orta | E13: Zor | F13: Beklenen davranış
A14: Tek belge | B14: =COUNTIF('Test Seti'!$B$2:$B$105,$A14) -> 43 | C14: =COUNTIFS('Test Seti'!$B$2:$B$105,$A14,'Test Seti'!$C$2:$C$105,"Kolay") -> 11 | D14: =COUNTIFS('Test Seti'!$B$2:$B$105,$A14,'Test Seti'!$C$2:$C$105,"Orta") -> 21 | E14: =COUNTIFS('Test Seti'!$B$2:$B$105,$A14,'Test Seti'!$C$2:$C$105,"Zor") -> 11 | F14: Doğru ve kaynaklı cevap
A15: Çok belge | B15: =COUNTIF('Test Seti'!$B$2:$B$105,$A15) -> 16 | C15: =COUNTIFS('Test Seti'!$B$2:$B$105,$A15,'Test Seti'!$C$2:$C$105,"Kolay") -> 1 | D15: =COUNTIFS('Test Seti'!$B$2:$B$105,$A15,'Test Seti'!$C$2:$C$105,"Orta") -> 8 | E15: =COUNTIFS('Test Seti'!$B$2:$B$105,$A15,'Test Seti'!$C$2:$C$105,"Zor") -> 7 | F15: Doğru ve kaynaklı cevap
A16: Sürüm | B16: =COUNTIF('Test Seti'!$B$2:$B$105,$A16) -> 10 | C16: =COUNTIFS('Test Seti'!$B$2:$B$105,$A16,'Test Seti'!$C$2:$C$105,"Kolay") -> 1 | D16: =COUNTIFS('Test Seti'!$B$2:$B$105,$A16,'Test Seti'!$C$2:$C$105,"Orta") -> 7 | E16: =COUNTIFS('Test Seti'!$B$2:$B$105,$A16,'Test Seti'!$C$2:$C$105,"Zor") -> 2 | F16: Doğru ve kaynaklı cevap
A17: Belirsiz | B17: =COUNTIF('Test Seti'!$B$2:$B$105,$A17) -> 10 | C17: =COUNTIFS('Test Seti'!$B$2:$B$105,$A17,'Test Seti'!$C$2:$C$105,"Kolay") -> 2 | D17: =COUNTIFS('Test Seti'!$B$2:$B$105,$A17,'Test Seti'!$C$2:$C$105,"Orta") -> 6 | E17: =COUNTIFS('Test Seti'!$B$2:$B$105,$A17,'Test Seti'!$C$2:$C$105,"Zor") -> 2 | F17: Doğru ve kaynaklı cevap
A18: Cevapsız | B18: =COUNTIF('Test Seti'!$B$2:$B$105,$A18) -> 15 | C18: =COUNTIFS('Test Seti'!$B$2:$B$105,$A18,'Test Seti'!$C$2:$C$105,"Kolay") -> 3 | D18: =COUNTIFS('Test Seti'!$B$2:$B$105,$A18,'Test Seti'!$C$2:$C$105,"Orta") -> 10 | E18: =COUNTIFS('Test Seti'!$B$2:$B$105,$A18,'Test Seti'!$C$2:$C$105,"Zor") -> 2 | F18: Ret (bilgi bulunamadı)
A19: Kapsam dışı | B19: =COUNTIF('Test Seti'!$B$2:$B$105,$A19) -> 10 | C19: =COUNTIFS('Test Seti'!$B$2:$B$105,$A19,'Test Seti'!$C$2:$C$105,"Kolay") -> 4 | D19: =COUNTIFS('Test Seti'!$B$2:$B$105,$A19,'Test Seti'!$C$2:$C$105,"Orta") -> 4 | E19: =COUNTIFS('Test Seti'!$B$2:$B$105,$A19,'Test Seti'!$C$2:$C$105,"Zor") -> 2 | F19: Ret (kapsam dışı)
A20: Toplam | B20: =SUM(B14:B19) -> 104 | C20: =SUM(C14:C19) -> 22 | D20: =SUM(D14:D19) -> 56 | E20: =SUM(E14:E19) -> 26 | F20: =COUNTIF('Test Seti'!$K$2:$K$105,"Doğrulandı")&" / "&B20&" insan incelemesinden geçti" -> 0 / 104 insan incelemesinden geçti
A23: Arama testi – yapılandırmaya göre (kanıt alıntısı, 77 soru)
A24: Yapılandırma (yöntem) | B24: R@5 | C24: R@10 | D24: MRR | E24: 1. sırada | F24: 2–5 | G24: 6–30 | H24: Yok (30 adayda) | I24: Ölçülen soru
A25: v0 – sabit pencere (512/64), dense arama | B25: ='Arama Sonuçları'!F108 -> 0.28354978 | C25: ='Arama Sonuçları'!G108 -> 0.35497835 | D25: ='Arama Sonuçları'!H108 -> 0.24108916 | E25: =COUNTIF('Arama Sonuçları'!$E$3:$E$106,1) -> 11 | F25: =COUNTIFS('Arama Sonuçları'!$E$3:$E$106,">=2",'Arama Sonuçları'!$E$3:$E$106,"<=5") -> 16 | G25: =COUNTIFS('Arama Sonuçları'!$E$3:$E$106,">=6",'Arama Sonuçları'!$E$3:$E$106,"<=30") -> 21 | H25: =COUNTIF('Arama Sonuçları'!$E$3:$E$106,"—") -> 29 | I25: ='Arama Sonuçları'!E109 -> 77
A26: v0r – sabit pencere (512/64), dense arama + reranker | B26: ='Arama Sonuçları'!J108 -> 0.48701299 | C26: ='Arama Sonuçları'!K108 -> 0.51298701 | D26: ='Arama Sonuçları'!L108 -> 0.40125513 | E26: =COUNTIF('Arama Sonuçları'!$I$3:$I$106,1) -> 24 | F26: =COUNTIFS('Arama Sonuçları'!$I$3:$I$106,">=2",'Arama Sonuçları'!$I$3:$I$106,"<=5") -> 19 | G26: =COUNTIFS('Arama Sonuçları'!$I$3:$I$106,">=6",'Arama Sonuçları'!$I$3:$I$106,"<=30") -> 5 | H26: =COUNTIF('Arama Sonuçları'!$I$3:$I$106,"—") -> 29 | I26: ='Arama Sonuçları'!I109 -> 77
A27: v1 – yapı bazlı parçalama + bağlam başlığı, dense arama | B27: ='Arama Sonuçları'!N108 -> 0.43939394 | C27: ='Arama Sonuçları'!O108 -> 0.55411255 | D27: ='Arama Sonuçları'!P108 -> 0.41898959 | E27: =COUNTIF('Arama Sonuçları'!$M$3:$M$106,1) -> 25 | F27: =COUNTIFS('Arama Sonuçları'!$M$3:$M$106,">=2",'Arama Sonuçları'!$M$3:$M$106,"<=5") -> 14 | G27: =COUNTIFS('Arama Sonuçları'!$M$3:$M$106,">=6",'Arama Sonuçları'!$M$3:$M$106,"<=30") -> 26 | H27: =COUNTIF('Arama Sonuçları'!$M$3:$M$106,"—") -> 12 | I27: ='Arama Sonuçları'!M109 -> 77
A28: v2 – yapı bazlı parçalama + bağlam başlığı, hibrit arama (BM25 + dense, RRF) | B28: ='Arama Sonuçları'!R108 -> 0.54329004 | C28: ='Arama Sonuçları'!S108 -> 0.61688312 | D28: ='Arama Sonuçları'!T108 -> 0.47705432 | E28: =COUNTIF('Arama Sonuçları'!$Q$3:$Q$106,1) -> 28 | F28: =COUNTIFS('Arama Sonuçları'!$Q$3:$Q$106,">=2",'Arama Sonuçları'!$Q$3:$Q$106,"<=5") -> 21 | G28: =COUNTIFS('Arama Sonuçları'!$Q$3:$Q$106,">=6",'Arama Sonuçları'!$Q$3:$Q$106,"<=30") -> 16 | H28: =COUNTIF('Arama Sonuçları'!$Q$3:$Q$106,"—") -> 12 | I28: ='Arama Sonuçları'!Q109 -> 77
A29: v3 – yapı bazlı parçalama + bağlam başlığı, hibrit arama (BM25 + dense, RRF) + reranker | B29: ='Arama Sonuçları'!V108 -> 0.6991342 | C29: ='Arama Sonuçları'!W108 -> 0.75108225 | D29: ='Arama Sonuçları'!X108 -> 0.61247212 | E29: =COUNTIF('Arama Sonuçları'!$U$3:$U$106,1) -> 38 | F29: =COUNTIFS('Arama Sonuçları'!$U$3:$U$106,">=2",'Arama Sonuçları'!$U$3:$U$106,"<=5") -> 22 | G29: =COUNTIFS('Arama Sonuçları'!$U$3:$U$106,">=6",'Arama Sonuçları'!$U$3:$U$106,"<=30") -> 5 | H29: =COUNTIF('Arama Sonuçları'!$U$3:$U$106,"—") -> 12 | I29: ='Arama Sonuçları'!U109 -> 77
A30: v3b – v3 ile aynı, embedding modeli bge-m3 | B30: ='Arama Sonuçları'!Z108 -> 0.72727273 | C30: ='Arama Sonuçları'!AA108 -> 0.78354978 | D30: ='Arama Sonuçları'!AB108 -> 0.62273276 | E30: =COUNTIF('Arama Sonuçları'!$Y$3:$Y$106,1) -> 38 | F30: =COUNTIFS('Arama Sonuçları'!$Y$3:$Y$106,">=2",'Arama Sonuçları'!$Y$3:$Y$106,"<=5") -> 24 | G30: =COUNTIFS('Arama Sonuçları'!$Y$3:$Y$106,">=6",'Arama Sonuçları'!$Y$3:$Y$106,"<=30") -> 7 | H30: =COUNTIF('Arama Sonuçları'!$Y$3:$Y$106,"—") -> 8 | I30: ='Arama Sonuçları'!Y109 -> 77
A32: Recall@5 – soru türüne göre
A33: Tür | B33: v0 | C33: v0r | D33: v1 | E33: v2 | F33: v3 | G33: v3b
A34: Tek belge | B34: =IFERROR(AVERAGEIFS('Arama Sonuçları'!$F$3:$F$106,'Arama Sonuçları'!$B$3:$B$106,$A34),0) -> 0.35714286 | C34: =IFERROR(AVERAGEIFS('Arama Sonuçları'!$J$3:$J$106,'Arama Sonuçları'!$B$3:$B$106,$A34),0) -> 0.5952381 | D34: =IFERROR(AVERAGEIFS('Arama Sonuçları'!$N$3:$N$106,'Arama Sonuçları'!$B$3:$B$106,$A34),0) -> 0.5952381 | E34: =IFERROR(AVERAGEIFS('Arama Sonuçları'!$R$3:$R$106,'Arama Sonuçları'!$B$3:$B$106,$A34),0) -> 0.67857143 | F34: =IFERROR(AVERAGEIFS('Arama Sonuçları'!$V$3:$V$106,'Arama Sonuçları'!$B$3:$B$106,$A34),0) -> 0.83333333 | G34: =IFERROR(AVERAGEIFS('Arama Sonuçları'!$Z$3:$Z$106,'Arama Sonuçları'!$B$3:$B$106,$A34),0) -> 0.88095238
A35: Çok belge | B35: =IFERROR(AVERAGEIFS('Arama Sonuçları'!$F$3:$F$106,'Arama Sonuçları'!$B$3:$B$106,$A35),0) -> 0.23958333 | C35: =IFERROR(AVERAGEIFS('Arama Sonuçları'!$J$3:$J$106,'Arama Sonuçları'!$B$3:$B$106,$A35),0) -> 0.46875 | D35: =IFERROR(AVERAGEIFS('Arama Sonuçları'!$N$3:$N$106,'Arama Sonuçları'!$B$3:$B$106,$A35),0) -> 0.23958333 | E35: =IFERROR(AVERAGEIFS('Arama Sonuçları'!$R$3:$R$106,'Arama Sonuçları'!$B$3:$B$106,$A35),0) -> 0.45833333 | F35: =IFERROR(AVERAGEIFS('Arama Sonuçları'!$V$3:$V$106,'Arama Sonuçları'!$B$3:$B$106,$A35),0) -> 0.625 | G35: =IFERROR(AVERAGEIFS('Arama Sonuçları'!$Z$3:$Z$106,'Arama Sonuçları'!$B$3:$B$106,$A35),0) -> 0.625
A36: Sürüm | B36: =IFERROR(AVERAGEIFS('Arama Sonuçları'!$F$3:$F$106,'Arama Sonuçları'!$B$3:$B$106,$A36),0) -> 0.2 | C36: =IFERROR(AVERAGEIFS('Arama Sonuçları'!$J$3:$J$106,'Arama Sonuçları'!$B$3:$B$106,$A36),0) -> 0.4 | D36: =IFERROR(AVERAGEIFS('Arama Sonuçları'!$N$3:$N$106,'Arama Sonuçları'!$B$3:$B$106,$A36),0) -> 0.5 | E36: =IFERROR(AVERAGEIFS('Arama Sonuçları'!$R$3:$R$106,'Arama Sonuçları'!$B$3:$B$106,$A36),0) -> 0.6 | F36: =IFERROR(AVERAGEIFS('Arama Sonuçları'!$V$3:$V$106,'Arama Sonuçları'!$B$3:$B$106,$A36),0) -> 0.8 | G36: =IFERROR(AVERAGEIFS('Arama Sonuçları'!$Z$3:$Z$106,'Arama Sonuçları'!$B$3:$B$106,$A36),0) -> 0.8
A37: Belirsiz | B37: =IFERROR(AVERAGEIFS('Arama Sonuçları'!$F$3:$F$106,'Arama Sonuçları'!$B$3:$B$106,$A37),0) -> 0.11111111 | C37: =IFERROR(AVERAGEIFS('Arama Sonuçları'!$J$3:$J$106,'Arama Sonuçları'!$B$3:$B$106,$A37),0) -> 0.11111111 | D37: =IFERROR(AVERAGEIFS('Arama Sonuçları'!$N$3:$N$106,'Arama Sonuçları'!$B$3:$B$106,$A37),0) -> 0 | E37: =IFERROR(AVERAGEIFS('Arama Sonuçları'!$R$3:$R$106,'Arama Sonuçları'!$B$3:$B$106,$A37),0) -> 0 | F37: =IFERROR(AVERAGEIFS('Arama Sonuçları'!$V$3:$V$106,'Arama Sonuçları'!$B$3:$B$106,$A37),0) -> 0.092592593 | G37: =IFERROR(AVERAGEIFS('Arama Sonuçları'!$Z$3:$Z$106,'Arama Sonuçları'!$B$3:$B$106,$A37),0) -> 0.11111111
A39: Cevap testi – Claude (Opus) incelemesi
A40: Yapılandırma (yöntem) | B40: Doğru cevap | C40: Doğruluk (/79) | D40: Sadakat | E40: Doğru ret (/25) | F40: Gereksiz ret | G40: Yanlış ret oranı | H40: Uydurma | I40: Gecikme p50 (ms)
A41: v0 – sabit pencere (512/64), dense arama | B41: =COUNTIF('Cevap Sonuçları'!$F$3:$F$106,"Doğru cevap") -> 30 | C41: =B41/COUNTIF('Cevap Sonuçları'!$D$3:$D$106,"Cevap") -> 0.37974684 | D41: =COUNTIF('Cevap Sonuçları'!$G$3:$G$106,"Evet")/(COUNTIF('Cevap Sonuçları'!$G$3:$G$106,"Evet")+COUNTIF('Cevap Sonuçları'!$G$3:$G$106,"Hayır")) -> 0.53225806 | E41: =COUNTIF('Cevap Sonuçları'!$F$3:$F$106,"Doğru ret")/COUNTIF('Cevap Sonuçları'!$D$3:$D$106,"Ret*") -> 0.76 | F41: =COUNTIF('Cevap Sonuçları'!$F$3:$F$106,"Gereksiz ret*") -> 6 | G41: =F41/COUNTIF('Cevap Sonuçları'!$D$3:$D$106,"Cevap") -> 0.075949367 | H41: =COUNTIF('Cevap Sonuçları'!$F$3:$F$106,"Uydurma") -> 6 | I41: 1370
A42: v0r – sabit pencere (512/64), dense arama + reranker | B42: =COUNTIF('Cevap Sonuçları'!$J$3:$J$106,"Doğru cevap") -> 44 | C42: =B42/COUNTIF('Cevap Sonuçları'!$D$3:$D$106,"Cevap") -> 0.55696203 | D42: =COUNTIF('Cevap Sonuçları'!$K$3:$K$106,"Evet")/(COUNTIF('Cevap Sonuçları'!$K$3:$K$106,"Evet")+COUNTIF('Cevap Sonuçları'!$K$3:$K$106,"Hayır")) -> 0.55357143 | E42: =COUNTIF('Cevap Sonuçları'!$J$3:$J$106,"Doğru ret")/COUNTIF('Cevap Sonuçları'!$D$3:$D$106,"Ret*") -> 0.68 | F42: =COUNTIF('Cevap Sonuçları'!$J$3:$J$106,"Gereksiz ret*") -> 4 | G42: =F42/COUNTIF('Cevap Sonuçları'!$D$3:$D$106,"Cevap") -> 0.050632911 | H42: =COUNTIF('Cevap Sonuçları'!$J$3:$J$106,"Uydurma") -> 8 | I42: 2076
A43: v1 – yapı bazlı parçalama + bağlam başlığı, dense arama | B43: =COUNTIF('Cevap Sonuçları'!$N$3:$N$106,"Doğru cevap") -> 33 | C43: =B43/COUNTIF('Cevap Sonuçları'!$D$3:$D$106,"Cevap") -> 0.41772152 | D43: =COUNTIF('Cevap Sonuçları'!$O$3:$O$106,"Evet")/(COUNTIF('Cevap Sonuçları'!$O$3:$O$106,"Evet")+COUNTIF('Cevap Sonuçları'!$O$3:$O$106,"Hayır")) -> 0.57377049 | E43: =COUNTIF('Cevap Sonuçları'!$N$3:$N$106,"Doğru ret")/COUNTIF('Cevap Sonuçları'!$D$3:$D$106,"Ret*") -> 0.84 | F43: =COUNTIF('Cevap Sonuçları'!$N$3:$N$106,"Gereksiz ret*") -> 9 | G43: =F43/COUNTIF('Cevap Sonuçları'!$D$3:$D$106,"Cevap") -> 0.11392405 | H43: =COUNTIF('Cevap Sonuçları'!$N$3:$N$106,"Uydurma") -> 4 | I43: 1105
A44: v2 – yapı bazlı parçalama + bağlam başlığı, hibrit arama (BM25 + dense, RRF) | B44: =COUNTIF('Cevap Sonuçları'!$R$3:$R$106,"Doğru cevap") -> 41 | C44: =B44/COUNTIF('Cevap Sonuçları'!$D$3:$D$106,"Cevap") -> 0.51898734 | D44: =COUNTIF('Cevap Sonuçları'!$S$3:$S$106,"Evet")/(COUNTIF('Cevap Sonuçları'!$S$3:$S$106,"Evet")+COUNTIF('Cevap Sonuçları'!$S$3:$S$106,"Hayır")) -> 0.69565217 | E44: =COUNTIF('Cevap Sonuçları'!$R$3:$R$106,"Doğru ret")/COUNTIF('Cevap Sonuçları'!$D$3:$D$106,"Ret*") -> 0.76 | F44: =COUNTIF('Cevap Sonuçları'!$R$3:$R$106,"Gereksiz ret*") -> 6 | G44: =F44/COUNTIF('Cevap Sonuçları'!$D$3:$D$106,"Cevap") -> 0.075949367 | H44: =COUNTIF('Cevap Sonuçları'!$R$3:$R$106,"Uydurma") -> 6 | I44: 1126
A45: v3 – yapı bazlı parçalama + bağlam başlığı, hibrit arama (BM25 + dense, RRF) + reranker | B45: =COUNTIF('Cevap Sonuçları'!$V$3:$V$106,"Doğru cevap") -> 50 | C45: =B45/COUNTIF('Cevap Sonuçları'!$D$3:$D$106,"Cevap") -> 0.63291139 | D45: =COUNTIF('Cevap Sonuçları'!$W$3:$W$106,"Evet")/(COUNTIF('Cevap Sonuçları'!$W$3:$W$106,"Evet")+COUNTIF('Cevap Sonuçları'!$W$3:$W$106,"Hayır")) -> 0.80555556 | E45: =COUNTIF('Cevap Sonuçları'!$V$3:$V$106,"Doğru ret")/COUNTIF('Cevap Sonuçları'!$D$3:$D$106,"Ret*") -> 0.8 | F45: =COUNTIF('Cevap Sonuçları'!$V$3:$V$106,"Gereksiz ret*") -> 5 | G45: =F45/COUNTIF('Cevap Sonuçları'!$D$3:$D$106,"Cevap") -> 0.063291139 | H45: =COUNTIF('Cevap Sonuçları'!$V$3:$V$106,"Uydurma") -> 5 | I45: 1771
A46: v3b – v3 ile aynı, embedding modeli bge-m3 | B46: =COUNTIF('Cevap Sonuçları'!$Z$3:$Z$106,"Doğru cevap") -> 49 | C46: =B46/COUNTIF('Cevap Sonuçları'!$D$3:$D$106,"Cevap") -> 0.62025316 | D46: =COUNTIF('Cevap Sonuçları'!$AA$3:$AA$106,"Evet")/(COUNTIF('Cevap Sonuçları'!$AA$3:$AA$106,"Evet")+COUNTIF('Cevap Sonuçları'!$AA$3:$AA$106,"Hayır")) -> 0.76056338 | E46: =COUNTIF('Cevap Sonuçları'!$Z$3:$Z$106,"Doğru ret")/COUNTIF('Cevap Sonuçları'!$D$3:$D$106,"Ret*") -> 0.88 | F46: =COUNTIF('Cevap Sonuçları'!$Z$3:$Z$106,"Gereksiz ret*") -> 6 | G46: =F46/COUNTIF('Cevap Sonuçları'!$D$3:$D$106,"Cevap") -> 0.075949367 | H46: =COUNTIF('Cevap Sonuçları'!$Z$3:$Z$106,"Uydurma") -> 3 | I46: 2923
A48: Doğru davranış sayısı – soru türüne göre (Claude)
A49: Tür | B49: v0 | C49: v0r | D49: v1 | E49: v2 | F49: v3 | G49: v3b
A50: Tek belge (doğru cevap) | B50: =COUNTIFS('Cevap Sonuçları'!$B$3:$B$106,"Tek belge",'Cevap Sonuçları'!$F$3:$F$106,"Doğru cevap") -> 23 | C50: =COUNTIFS('Cevap Sonuçları'!$B$3:$B$106,"Tek belge",'Cevap Sonuçları'!$J$3:$J$106,"Doğru cevap") -> 32 | D50: =COUNTIFS('Cevap Sonuçları'!$B$3:$B$106,"Tek belge",'Cevap Sonuçları'!$N$3:$N$106,"Doğru cevap") -> 26 | E50: =COUNTIFS('Cevap Sonuçları'!$B$3:$B$106,"Tek belge",'Cevap Sonuçları'!$R$3:$R$106,"Doğru cevap") -> 29 | F50: =COUNTIFS('Cevap Sonuçları'!$B$3:$B$106,"Tek belge",'Cevap Sonuçları'!$V$3:$V$106,"Doğru cevap") -> 34 | G50: =COUNTIFS('Cevap Sonuçları'!$B$3:$B$106,"Tek belge",'Cevap Sonuçları'!$Z$3:$Z$106,"Doğru cevap") -> 34
A51: Çok belge (doğru cevap) | B51: =COUNTIFS('Cevap Sonuçları'!$B$3:$B$106,"Çok belge",'Cevap Sonuçları'!$F$3:$F$106,"Doğru cevap") -> 4 | C51: =COUNTIFS('Cevap Sonuçları'!$B$3:$B$106,"Çok belge",'Cevap Sonuçları'!$J$3:$J$106,"Doğru cevap") -> 8 | D51: =COUNTIFS('Cevap Sonuçları'!$B$3:$B$106,"Çok belge",'Cevap Sonuçları'!$N$3:$N$106,"Doğru cevap") -> 3 | E51: =COUNTIFS('Cevap Sonuçları'!$B$3:$B$106,"Çok belge",'Cevap Sonuçları'!$R$3:$R$106,"Doğru cevap") -> 6 | F51: =COUNTIFS('Cevap Sonuçları'!$B$3:$B$106,"Çok belge",'Cevap Sonuçları'!$V$3:$V$106,"Doğru cevap") -> 9 | G51: =COUNTIFS('Cevap Sonuçları'!$B$3:$B$106,"Çok belge",'Cevap Sonuçları'!$Z$3:$Z$106,"Doğru cevap") -> 8
A52: Sürüm (doğru cevap) | B52: =COUNTIFS('Cevap Sonuçları'!$B$3:$B$106,"Sürüm",'Cevap Sonuçları'!$F$3:$F$106,"Doğru cevap") -> 3 | C52: =COUNTIFS('Cevap Sonuçları'!$B$3:$B$106,"Sürüm",'Cevap Sonuçları'!$J$3:$J$106,"Doğru cevap") -> 4 | D52: =COUNTIFS('Cevap Sonuçları'!$B$3:$B$106,"Sürüm",'Cevap Sonuçları'!$N$3:$N$106,"Doğru cevap") -> 4 | E52: =COUNTIFS('Cevap Sonuçları'!$B$3:$B$106,"Sürüm",'Cevap Sonuçları'!$R$3:$R$106,"Doğru cevap") -> 6 | F52: =COUNTIFS('Cevap Sonuçları'!$B$3:$B$106,"Sürüm",'Cevap Sonuçları'!$V$3:$V$106,"Doğru cevap") -> 7 | G52: =COUNTIFS('Cevap Sonuçları'!$B$3:$B$106,"Sürüm",'Cevap Sonuçları'!$Z$3:$Z$106,"Doğru cevap") -> 7
A53: Belirsiz (doğru cevap) | B53: =COUNTIFS('Cevap Sonuçları'!$B$3:$B$106,"Belirsiz",'Cevap Sonuçları'!$F$3:$F$106,"Doğru cevap") -> 0 | C53: =COUNTIFS('Cevap Sonuçları'!$B$3:$B$106,"Belirsiz",'Cevap Sonuçları'!$J$3:$J$106,"Doğru cevap") -> 0 | D53: =COUNTIFS('Cevap Sonuçları'!$B$3:$B$106,"Belirsiz",'Cevap Sonuçları'!$N$3:$N$106,"Doğru cevap") -> 0 | E53: =COUNTIFS('Cevap Sonuçları'!$B$3:$B$106,"Belirsiz",'Cevap Sonuçları'!$R$3:$R$106,"Doğru cevap") -> 0 | F53: =COUNTIFS('Cevap Sonuçları'!$B$3:$B$106,"Belirsiz",'Cevap Sonuçları'!$V$3:$V$106,"Doğru cevap") -> 0 | G53: =COUNTIFS('Cevap Sonuçları'!$B$3:$B$106,"Belirsiz",'Cevap Sonuçları'!$Z$3:$Z$106,"Doğru cevap") -> 0
A54: Cevapsız (doğru ret) | B54: =COUNTIFS('Cevap Sonuçları'!$B$3:$B$106,"Cevapsız",'Cevap Sonuçları'!$F$3:$F$106,"Doğru ret") -> 9 | C54: =COUNTIFS('Cevap Sonuçları'!$B$3:$B$106,"Cevapsız",'Cevap Sonuçları'!$J$3:$J$106,"Doğru ret") -> 7 | D54: =COUNTIFS('Cevap Sonuçları'!$B$3:$B$106,"Cevapsız",'Cevap Sonuçları'!$N$3:$N$106,"Doğru ret") -> 11 | E54: =COUNTIFS('Cevap Sonuçları'!$B$3:$B$106,"Cevapsız",'Cevap Sonuçları'!$R$3:$R$106,"Doğru ret") -> 9 | F54: =COUNTIFS('Cevap Sonuçları'!$B$3:$B$106,"Cevapsız",'Cevap Sonuçları'!$V$3:$V$106,"Doğru ret") -> 10 | G54: =COUNTIFS('Cevap Sonuçları'!$B$3:$B$106,"Cevapsız",'Cevap Sonuçları'!$Z$3:$Z$106,"Doğru ret") -> 12
A55: Kapsam dışı (doğru ret) | B55: =COUNTIFS('Cevap Sonuçları'!$B$3:$B$106,"Kapsam dışı",'Cevap Sonuçları'!$F$3:$F$106,"Doğru ret") -> 10 | C55: =COUNTIFS('Cevap Sonuçları'!$B$3:$B$106,"Kapsam dışı",'Cevap Sonuçları'!$J$3:$J$106,"Doğru ret") -> 10 | D55: =COUNTIFS('Cevap Sonuçları'!$B$3:$B$106,"Kapsam dışı",'Cevap Sonuçları'!$N$3:$N$106,"Doğru ret") -> 10 | E55: =COUNTIFS('Cevap Sonuçları'!$B$3:$B$106,"Kapsam dışı",'Cevap Sonuçları'!$R$3:$R$106,"Doğru ret") -> 10 | F55: =COUNTIFS('Cevap Sonuçları'!$B$3:$B$106,"Kapsam dışı",'Cevap Sonuçları'!$V$3:$V$106,"Doğru ret") -> 10 | G55: =COUNTIFS('Cevap Sonuçları'!$B$3:$B$106,"Kapsam dışı",'Cevap Sonuçları'!$Z$3:$Z$106,"Doğru ret") -> 10
A57: Gereksiz retlerde hatanın yeri (Claude)
A58: Hatanın yeri | B58: v0 | C58: v0r | D58: v1 | E58: v2 | F58: v3 | G58: v3b
A59: Gereksiz ret (arama) | B59: =COUNTIF('Cevap Sonuçları'!$F$3:$F$106,$A59) -> 2 | C59: =COUNTIF('Cevap Sonuçları'!$J$3:$J$106,$A59) -> 1 | D59: =COUNTIF('Cevap Sonuçları'!$N$3:$N$106,$A59) -> 3 | E59: =COUNTIF('Cevap Sonuçları'!$R$3:$R$106,$A59) -> 1 | F59: =COUNTIF('Cevap Sonuçları'!$V$3:$V$106,$A59) -> 1 | G59: =COUNTIF('Cevap Sonuçları'!$Z$3:$Z$106,$A59) -> 1
A60: Gereksiz ret (üretim) | B60: =COUNTIF('Cevap Sonuçları'!$F$3:$F$106,$A60) -> 3 | C60: =COUNTIF('Cevap Sonuçları'!$J$3:$J$106,$A60) -> 3 | D60: =COUNTIF('Cevap Sonuçları'!$N$3:$N$106,$A60) -> 3 | E60: =COUNTIF('Cevap Sonuçları'!$R$3:$R$106,$A60) -> 2 | F60: =COUNTIF('Cevap Sonuçları'!$V$3:$V$106,$A60) -> 2 | G60: =COUNTIF('Cevap Sonuçları'!$Z$3:$Z$106,$A60) -> 3
A61: Gereksiz ret (belirsiz) | B61: =COUNTIF('Cevap Sonuçları'!$F$3:$F$106,$A61) -> 1 | C61: =COUNTIF('Cevap Sonuçları'!$J$3:$J$106,$A61) -> 0 | D61: =COUNTIF('Cevap Sonuçları'!$N$3:$N$106,$A61) -> 3 | E61: =COUNTIF('Cevap Sonuçları'!$R$3:$R$106,$A61) -> 3 | F61: =COUNTIF('Cevap Sonuçları'!$V$3:$V$106,$A61) -> 2 | G61: =COUNTIF('Cevap Sonuçları'!$Z$3:$Z$106,$A61) -> 2
A63: Kural tabanlı kontroller
A64: Kontrol | B64: v0 | C64: v0r | D64: v1 | E64: v2 | F64: v3 | G64: v3b
A65: Beklenen sayılar cevapta (69 soru) | B65: =COUNTIF('Cevap Sonuçları'!$H$3:$H$106,"Evet") -> 25 | C65: =COUNTIF('Cevap Sonuçları'!$L$3:$L$106,"Evet") -> 34 | D65: =COUNTIF('Cevap Sonuçları'!$P$3:$P$106,"Evet") -> 28 | E65: =COUNTIF('Cevap Sonuçları'!$T$3:$T$106,"Evet") -> 35 | F65: =COUNTIF('Cevap Sonuçları'!$X$3:$X$106,"Evet") -> 40 | G65: =COUNTIF('Cevap Sonuçları'!$AB$3:$AB$106,"Evet") -> 39
A66: Sayı denetimiyle ret | B66: =COUNTIF('Cevap Sonuçları'!$E$3:$E$106,"Ret: dayanaksız sayı") -> 4 | C66: =COUNTIF('Cevap Sonuçları'!$I$3:$I$106,"Ret: dayanaksız sayı") -> 1 | D66: =COUNTIF('Cevap Sonuçları'!$M$3:$M$106,"Ret: dayanaksız sayı") -> 6 | E66: =COUNTIF('Cevap Sonuçları'!$Q$3:$Q$106,"Ret: dayanaksız sayı") -> 3 | F66: =COUNTIF('Cevap Sonuçları'!$U$3:$U$106,"Ret: dayanaksız sayı") -> 1 | G66: =COUNTIF('Cevap Sonuçları'!$Y$3:$Y$106,"Ret: dayanaksız sayı") -> 3
A67: Kapsam kontrolüyle ret (cevaplanabilir) | B67: =COUNTIFS('Cevap Sonuçları'!$E$3:$E$106,"Ret: kapsam dışı",'Cevap Sonuçları'!$D$3:$D$106,"Cevap") -> 2 | C67: =COUNTIFS('Cevap Sonuçları'!$I$3:$I$106,"Ret: kapsam dışı",'Cevap Sonuçları'!$D$3:$D$106,"Cevap") -> 2 | D67: =COUNTIFS('Cevap Sonuçları'!$M$3:$M$106,"Ret: kapsam dışı",'Cevap Sonuçları'!$D$3:$D$106,"Cevap") -> 2 | E67: =COUNTIFS('Cevap Sonuçları'!$Q$3:$Q$106,"Ret: kapsam dışı",'Cevap Sonuçları'!$D$3:$D$106,"Cevap") -> 2 | F67: =COUNTIFS('Cevap Sonuçları'!$U$3:$U$106,"Ret: kapsam dışı",'Cevap Sonuçları'!$D$3:$D$106,"Cevap") -> 2 | G67: =COUNTIFS('Cevap Sonuçları'!$Y$3:$Y$106,"Ret: kapsam dışı",'Cevap Sonuçları'!$D$3:$D$106,"Cevap") -> 2
A68: Atıf kesinliği (koşu dosyası) | B68: 0.3092827 | C68: 0.3684739 | D68: 0.44755556 | E68: 0.47166667 | F68: 0.420625 | G68: 0.46320346
A69: Programlara ayırma, belirsiz 10 soru (koşu dosyası) | B69: 0 | C69: 0 | D69: 0 | E69: 0 | F69: 0 | G69: 0
A70: Sistem hatası (koşu dosyası) | B70: 0 | C70: 0 | D70: 0 | E70: 0 | F70: 0 | G70: 0
A72: Birim testleri (tests/unit)
A73: Gösterge | B73: Değer
A74: Toplam test | B74: ='Birim Testleri Özeti'!C21 -> 1533
A75: Geçti | B75: ='Birim Testleri Özeti'!D21 -> 1520
A76: Beklenen hata (xfail) | B76: ='Birim Testleri Özeti'!E21 -> 12
A77: Atlandı | B77: ='Birim Testleri Özeti'!F21 -> 0
A78: Başarısız | B78: ='Birim Testleri Özeti'!G21 -> 0
A79: Seçilmedi (integration) | B79: ='Birim Testleri Özeti'!H21 -> 1
A80: Geçme oranı (xfail hariç) | B80: =IFERROR(B75/(B74-B76-B77-B79),0) -> 1
A81: Modül kırılımı: 'Birim Testleri Özeti' sayfası.
A83: Nasıl okumalı?
A84: 79 cevaplanabilir soruda 1 soru ≈ 1,3 puan, 25 ret sorusunda 4 puandır; v3 ile v3b arasındaki farklar bu belirsizliğin içindedir.
A85: Renkler: 'Arama Sonuçları' yeşil = kanıt ilk 5'te, sarı = 6–10, turuncu = 11–30, kırmızı = yok; 'Cevap Sonuçları' yeşil = doğru / doğru ret, kırmızı = yanlış / uydurma, sarı = gereksiz ret.
A86: Seçilmiş başarısızlık örnekleri ve durumları 'Hata Örnekleri' sayfasında; terimler 'Açıklamalar' sayfasında.

Sheet Test Seti
A1: ID | B1: Tür | C1: Zorluk | D1: Soru | E1: Beklenen cevap | F1: Kanıt alıntıları | G1: Beklenen belgeler | H1: Beklenen sayılar | I1: Program kodu | J1: Cevaplanmalı mı | K1: İnsan incelemesi | L1: Yazar notu
A2: q001 | B2: Tek belge | C2: Kolay | D2: KOBİ olarak 1507 programından proje desteği alırsam TÜBİTAK harcamalarımın en fazla yüzde kaçını karşılar? | E2: 1507 programında destek oranı her dönem için en fazla %75'tir. | F2: [mevzuat-031] Bu programda uygulanacak destek oranı her dönem için en fazla %75 olarak belirlenmiştir. | G2: mevzuat-031 | H2: 75 | I2: 1507 | J2: Evet | K2: Doğrulanmadı
A3: q002 | B3: Çok belge | C3: Kolay | D3: Büyük ölçekli bir firmayız; 1501 programından hangi destek oranıyla yararlanabiliriz? | E3: 1501 Uygulama Esaslarına göre destek oranı büyük kuruluşlar için en fazla %60, KOBİ'ler için en fazla %75'tir. Ancak güncel 2026-2 çağrısına göre 1501'e yalnız KOBİ niteliğindeki sermaye şirketleri başvurabilir; büyük ölçekli firma bu çağrıya başvuramaz. | F3: [mevzuat-030] Destek oranı büyük kuruluşlar için en fazla % 60 ve KOBİ ölçeğindeki kuruluşlar içinse en fazla %75 olarak uygulanır. [dosya-10f733d7f6a2] 1501 ve 1507 destek programlarına sadece KOBİ niteliğinde olan sermaye şirketleri başvuru yapabilmektedir. | G3: mevzuat-030 dosya-10f733d7f6a2 | H3: 60, 75 | I3: 1501 | J3: Evet | K3: Doğrulanmadı
A4: q003 | B4: Tek belge | C4: Zor | D4: 1501 projesinde doktoralı bir personelin aylık maliyeti beyan edilirken brüt asgari ücretin kaç katıyla sınırlandırılır? Lisans mezunu için durum nedir? | E4: Ortalama aylık maliyet doktoralılar için brüt asgari ücretin 12 katı, lisans/yüksek lisans mezunları için 8 katı ile sınırlandırılır. | F4: [mevzuat-030] Eğitim Durumu Asgari Ücret Katı Doktora 12 katı Lisans/Yüksek Lisans 8 katı | G4: mevzuat-030 | H4: 12, 8 | I4: 1501 | J4: Evet | K4: Doğrulanmadı
A5: q004 | B5: Tek belge | C5: Zor | D5: 1501 projesi için aldığımız kalıp seri üretimde de kullanılacak. Bu kalıbın maliyeti desteğe nasıl dahil edilir? | E5: Seri üretimde de kullanılacak alet, teçhizat ve kalıp gibi alımlar proje süresiyle orantılı olarak aylık %2 oranıyla destek kapsamına alınır (maliyet x proje süresi (ay) x %2). | F5: [mevzuat-030] ilgili giderler proje süresiyle orantılı olarak aylık % 2 oranı ile destek kapsamına alınır | G5: mevzuat-030 | H5: 2 | I5: 1501 | J5: Evet | K5: Doğrulanmadı
A6: q005 | B6: Tek belge | C6: Orta | D6: 1501'de dönem raporunu (AGY300) son tarihten sonra gönderirsem ne olur, kesinti var mı? | E6: Son gönderim tarihini izleyen 30 gün içinde sunulursa geciken her gün için %1, en fazla %30 kesinti yapılarak değerlendirme tamamlanır; 30 günü aşan gecikmede %30 kesinti uygulanır. | F6: [mevzuat-030] geciken her gün için %1 ve en fazla %30 oranında kesinti yapılarak dönem değerlendirmesi tamamlanır | G6: mevzuat-030 | H6: 30, 1 | I6: 1501 | J6: Evet | K6: Doğrulanmadı
A7: q006 | B7: Tek belge | C7: Orta | D7: 1507 KOBİ Ar-Ge Başlangıç programında bir firmanın kaç projesi desteklenebiliyor? | E7: KOBİ ölçeğindeki işletmelerin, en az ikisi ortaklı başvuru olmak kaydıyla ilk beş projesi desteklenir. | F7: [mevzuat-031] KOBİ ölçeğindeki işletmelerin en az ikisi ortaklı başvuru olmak kaydıyla ilk beş projesi desteklenir | G7: mevzuat-031 | H7: beş | I7: 1507 | J7: Evet | K7: Doğrulanmadı
A8: q007 | B8: Tek belge | C8: Zor | D8: 1509 uluslararası projemizde yurt dışından danışmanlık ve hizmet almayı planlıyoruz. Bunun bir sınırı var mı? | E8: Toplam yurt dışı danışmanlık ve hizmet alımlarının dönemsel desteklemeye esas harcama tutarları toplamı içindeki payı %20 ile sınırlıdır; ana Ar-Ge faaliyetlerinin Türkiye'de yapılması gerekir. | F8: [mevzuat-032] projenin dönemsel desteklemeye esas harcama tutarları toplamı içindeki payı %20 ile sınırlandırılır | G8: mevzuat-032 | H8: 20 | I8: 1509 | J8: Evet | K8: Doğrulanmadı
A9: q009 | B9: Tek belge | C9: Orta | D9: 1511 projesinde aynı personel için bir ay içinde TÜBİTAK'a kaç günlük maliyet beyan edebilirim? | E9: Her ay için en fazla 30 günlük maliyet beyan edilebilir. | F9: [mevzuat-079] Desteklenen proje kapsamında her ay için TÜBİTAK’a en fazla 30 günlük maliyet beyan edilebilir. | G9: mevzuat-079 | H9: 30 | I9: 1511 | J9: Evet | K9: Doğrulanmadı
A10: q010 | B10: Tek belge | C10: Orta | D10: 1512 Girişimcilik Destek Programında Aşama 2 iş planı faaliyetleri en fazla ne kadar sürebilir? | E10: Aşama 2 kapsamında destek süresi ek süreler dahil en fazla 18 aydır. | F10: [mevzuat-101] destek süresi ek süreler de dâhil olmak üzere en fazla onsekiz (18) aydır | G10: mevzuat-101 | H10: 18 | I10: 1512 | J10: Evet | K10: Doğrulanmadı
A11: q011 | B11: Tek belge | C11: Zor | D11: BiGG Yatırım 2026-2 çağrısında TÜBİTAK BİGG Fonu girişim şirketine ne kadar yatırım yapıyor ve karşılığında kaç hisse alıyor? | E11: Yatırım ve Pay Sahipleri Sözleşmesi kapsamında kuruluşun %3 payı karşılığında 1.350.000 TL yatırım yapılır. | F11: [dosya-4a616f06b928] kuruluşun %3 payı karşılığında TÜBİTAK BİGG Fonu kuruluşa 1.350.000 TL yatırım yapacaktır | G11: dosya-4a616f06b928 | H11: 3, 1.350.000 | I11: 1812 | J11: Evet | K11: Doğrulanmadı
A12: q012 | B12: Tek belge | C12: Orta | D12: BiGG Yatırım hızlandırma programına kabul edilmek için iş fikrimin değerlendirmede kaç puan alması gerekiyor? | E12: Uygulayıcı kuruluşun puanlamasında (10 üzerinden) değerlendirilen boyutların her birinden en az 7 puan alınmalıdır. | F12: [dosya-4a616f06b928] her bir boyut için 10 üzerinden yapılacak puanlama sonucunda; ilgili boyutların her birinden en az 7 puan almalıdır | G12: dosya-4a616f06b928 | H12: 7 | I12: 1812 | J12: Evet | K12: Doğrulanmadı
A13: q014 | B13: Tek belge | C13: Kolay | D13: Sipariş Ar-Ge (1707) 2026-3 çağrısında proje süresi uzatılırsa 24 ayı geçebilir mi? | E13: Hayır. Proje süresi en fazla 24 aydır ve destek süresi uzatılsa dahi 24 ay aşılmaz. | F13: [dosya-b5665606654f] Proje süresi en fazla 24 aydır. Destek süresi uzatılsa dahi yirmi dört ay aşılmaz. | G13: dosya-b5665606654f | H13: 24 | I13: 1707 | J13: Evet | K13: Doğrulanmadı
... A25: q027 | B25: Tek belge | C25: Orta | D25: 2213 Yurt Dışı Lisansüstü Burs Programında yurt dışında toplam ne kadar süre burs alınabilir? | E25: Yurt dışında öğrenime başlama tarihinden itibaren toplamda 24 aya kadar burs ve destek ödenebilir; geriye dönük ödeme yapılmaz. | F25: [mevzuat-040] toplamda 24 aya kadar burs ve destek ödenebilir | G25: mevzuat-040 | H25: 24 | I25: 2213 | J25: Evet | K25: Doğrulanmadı
A26: q028 | B26: Tek belge | C26: Kolay | D26: 2224-A desteğinden aynı yıl içinde ikinci kez yararlanabilir miyim? | E26: Hayır; başvuru koşullarından biri 2224-A programından ilgili yıl içinde yararlanılmamış olmasıdır. | F26: [dosya-b82f05be2ea3] 2224-A programından ilgili yıl içinde yararlanılmamış olması | G26: dosya-b82f05be2ea3 | I26: 2224 | J26: Evet | K26: Doğrulanmadı
A27: q029 | B27: Tek belge | C27: Orta | D27: 2224-A ile konferansa katıldıktan sonra izleme belgelerini ne kadar süre içinde sisteme yüklemem gerekiyor? | E27: Etkinliğin bitiş tarihinden ya da destek sonuç tarihinden sonraki otuz gün içinde BİDEB sistemine yüklenmelidir. | F27: [dosya-b82f05be2ea3] etkinliğin bitiş tarihinden ya da destek sonuç tarihinden sonraki otuz gün içinde | G27: dosya-b82f05be2ea3 | H27: otuz | I27: 2224 | J27: Evet | K27: Doğrulanmadı
A28: q031 | B28: Tek belge | C28: Orta | D28: 4007 kapsamında büyük ölçekli bilim festivali düzenlersek ne kadar destek alabiliriz? | E28: Bilim Festivalleri için destek üst limiti (PTİ hariç) 1.500.000 TL'dir (KDV dahil); bilim şenlikleri için 450.000 TL'dir. | F28: [dosya-4806f8f8bca1] Bilim Festivalleri (Büyük Ölçekli Bilim Şenlikleri) için 1.500.000 TL (KDV dâhil)’dir | G28: dosya-4806f8f8bca1 | H28: 1.500.000 | I28: 4007 | J28: Evet | K28: Doğrulanmadı
A29: q032 | B29: Tek belge | C29: Zor | D29: 4006-A bilim fuarında 20 alt proje sergilenecekse okulumuza toplam ne kadar destek ödenir? | E29: Destek = hazırlık desteği 7.000 TL + alt proje başına 750 TL; 20 alt proje için toplam 22.000 TL (KDV dahil) ödenir. | F29: [dosya-0f15ecfa44a1] Bilim Fuarı Hazırlık Desteği (7.000 TL) + (Sergilenecek Alt Proje Sayısı x 750 TL) [dosya-0f15ecfa44a1] 20 alt projesi kabul edilen bir proje yürütücüsüne toplam 22.000 TL (KDV dâhil) proje destek miktarı ödenir | G29: dosya-0f15ecfa44a1 | H29: 22.000 | I29: 4006 | J29: Evet | K29: Doğrulanmadı
A30: q033 | B30: Tek belge | C30: Orta | D30: 4008 projesinde her bir etkinlik dönemi en az kaç gün olmalı? | E30: Her bir etkinlik dönemi en az 4 gün olacak şekilde planlanmalıdır. | F30: [dosya-fc6dead14833] Her bir etkinlik dönemi en az 4 gün olacak şekilde planlanmalıdır. | G30: dosya-fc6dead14833 | H30: 4 | I30: 4008 | J30: Evet | K30: Doğrulanmadı
A31: q035 | B31: Tek belge | C31: Orta | D31: Kurum hissesinden bursiyer ödemesi veya PTİ ödemesi yapabilir miyiz? | E31: Hayır. Kurum hissesinden burs ve PTİ ödemesi yapılamaz. | F31: [mevzuat-048] Kurum hissesinden burs ve PTİ ödemesi yapılamaz. | G31: mevzuat-048 | J31: Evet | K31: Doğrulanmadı
A32: q036 | B32: Tek belge | C32: Kolay | D32: TÜBİTAK başvurumun reddine itiraz etmek için kaç günüm var? | E32: İtiraz başvuru süresi, işlemin tebliğinden itibaren 15 gündür; son gün tatile denk gelirse izleyen ilk iş gününün bitimine kadar uzar. Başvuru TÜBİMER Online Sistemi'nden yapılır. | F32: [mevzuat-116] itiraza konu işlemin ilgiliye tebliğinden (yazılı veya elektronik olarak gerçekleştirilen bildirimden) itibaren 15 gündür | G32: mevzuat-116 | H32: 15 | J32: Evet | K32: Doğrulanmadı
A33: q037 | B33: Tek belge | C33: Orta | D33: ARDEB panel değerlendirmesinde bir panelde kaç panelist bulunur ve en fazla kaç öneri görüşülür? | E33: Her panel en çok on proje önerisini değerlendirmek üzere en az beş, en çok dokuz panelistten oluşturulur. | F33: [mevzuat-044] Her panel, en çok on proje önerisinin bilimsel değerlendirmesini yapmak üzere, en az beş en çok dokuz panelistten oluşturulur. | G33: mevzuat-044 | H33: beş, dokuz, on | J33: Evet | K33: Doğrulanmadı
A34: q038 | B34: Tek belge | C34: Zor | D34: Teknoparkta yönetici şirketin kurucuları arasında kimlerin bulunması zorunludur? | E34: Yönetici şirketin kurucuları arasında Bölgenin içinde veya bulunduğu ilde yer alan en az bir üniversite veya yüksek teknoloji enstitüsü ya da kamu AR-GE merkez veya enstitüsü bulunur. | F34: [kanun-4691] yönetici şirketin kurucuları arasında, Bölgenin içinde veya bulunduğu ilde yer alan en az bir üniversite veya yüksek teknoloji enstitüsü ya da kamu AR-GE merkez veya enstitüsü bulunur | G34: kanun-4691 | J34: Evet | K34: Doğrulanmadı
A35: q039 | B35: Tek belge | C35: Zor | D35: 5746 sayılı Kanuna göre doktoralı Ar-Ge personelinin gelir vergisi stopajının yüzde kaçı terkin edilir? | E35: Doktoralılar (ve desteklenecek alanlarda en az yüksek lisanslılar) için %95; yüksek lisanslılar için %90; diğerleri için %80 terkin edilir. | F35: [kanun-5746] doktoralı olanlar ile desteklenecek program alanlarından birinde en az yüksek lisans derecesine sahip olanlar için yüzde doksan beşi | G35: kanun-5746 | H35: 95, 90, 80 | J35: Evet | K35: Doğrulanmadı
A36: q040 | B36: Tek belge | C36: Kolay | D36: Şahıs şirketim var; 1505 projesinde müşteri kuruluş olabilir miyim? | E36: Hayır. 1505'te müşteri kuruluşun sermaye şirketi olması gerekir; şahıs işletmeleri müşteri kuruluş olamaz. | F36: [dosya-358f2addd2d5] Şahıs işletmeleri müşteri kuruluş olabilir mi? Hayır. Müşteri kuruluş sermaye şirketi olmalıdır. | G36: dosya-358f2addd2d5 | I36: 1505 | J36: Evet | K36: Doğrulanmadı
A37: q042 | B37: Tek belge | C37: Zor | D37: TEYDEB destek limitleri tablosuna göre 1515 Öncül Ar-Ge Laboratuvarları programında proje bütçesi üst limiti nedir? | E37: Üst limit tablosunda 1515 için proje bütçesi üst limiti yıllık 25.000.000 TL'dir. | F37: [dosya-6a5eda267423] 1515: 25.000.000 TL (Yıllık) | G37: dosya-6a5eda267423 | H37: 25.000.000 | I37: 1515 | J37: Evet | K37: Doğrulanmadı | L37: Kaynak 2024-03 tarihli üst limit tablosu (XLSX); daha güncel bir değer yayımlanmış olabilir.
A38: q043 | B38: Tek belge | C38: Zor | D38: 1513 Teknoloji Transfer Ofisleri programında Kapasite Geliştirme Aşamasında destek oranı yüzde kaç? | E38: Kapasite Geliştirme Aşamasında destek oranı %80'dir; Hedef Odaklı Gelişim Aşamasında oran %40+%[(performans puanı-1)x10] formülüyle hesaplanır. | F38: [dosya-6a5eda267423] Program kapsamında desteklenen projelerin Kapasite Geliştirme Aşaması’nda destek oranı %80’dir. | G38: dosya-6a5eda267423 | H38: 80 | I38: 1513 | J38: Evet | K38: Doğrulanmadı | L38: Kaynak 2024-03 tarihli üst limit tablosu; 1513 uygulama esaslarıyla (mevzuat-103) çapraz kontrol edilebilir.
A39: q044 | B39: Çok belge | C39: Orta | D39: 1501 Uygulama Esaslarında proje süresi üst sınırı nedir ve 2026 yılı 2. çağrısına kaç aylık proje ile başvurulabilir? | E39: Esaslara göre destek süresi en fazla 36 aydır; 2026-2 çağrısına ise en fazla 24 ay süreli proje ile başvurulabilir (gerekirse izleme sırasında 36 ayı geçmemek üzere en fazla %50 uzatılabilir). | F39: [mevzuat-030] Destek süresi proje bazında en fazla otuz altı aydır. [dosya-10f733d7f6a2] Çağrıya en fazla 24 ay süreli proje başvurusu yapılabilir. | G39: mevzuat-030 dosya-10f733d7f6a2 | H39: 36, 24 | I39: 1501 | J39: Evet | K39: Doğrulanmadı
A40: q045 | B40: Çok belge | C40: Orta | D40: 1501 ve 1507 programları arasında azami proje süresi açısından fark nedir? | E40: 1501'de destek süresi en fazla 36 ay, 1507'de en fazla 18 aydır; yani 1501 projeleri 18 ay daha uzun olabilir. | F40: [mevzuat-030] Destek süresi proje bazında en fazla otuz altı aydır. [mevzuat-031] Destek süresi proje bazında en fazla on sekiz (18) aydır. | G40: mevzuat-030 mevzuat-031 | H40: 36, 18 | I40: 1501, 1507 | J40: Evet | K40: Doğrulanmadı
A41: q046 | B41: Çok belge | C41: Zor | D41: 1501 projesinde çalışan Ar-Ge personelim 5746 sayılı Kanundaki gelir vergisi stopajı teşvikinden yararlanıyor. Bu teşvik tutarını TÜBİTAK'a personel maliyeti olarak beyan edebilir miyim? | E41: Hayır. 5746 kapsamında TÜBİTAK tarafından yürütülen projelerde çalışan Ar-Ge personeli stopaj teşvikinden yararlanabilir; ancak 1501 Esaslarına göre bu teşvik, istisna ve destekler proje personel maliyetine dahil edilmez, TÜBİTAK'a beyan edilmez ve desteklenmez. | F41: [kanun-5746] ya da TÜBİTAK tarafından yürütülen Ar-Ge ve yenilik projelerinde [mevzuat-030] proje personel maliyetine dahil edilmez, TÜBİTAK’a beyan edilmez ve desteklenmez | G41: kanun-5746 mevzuat-030 | I41: 1501 | J41: Evet | K41: Doğrulanmadı
A42: q047 | B42: Çok belge | C42: Orta | D42: Teknoparktaki yazılım kazançlarına tanınan vergi istisnası ile 5746 sayılı Kanun kapsamındaki destekler hangi tarihe kadar geçerli? | E42: Her ikisi de 31/12/2028'e kadar geçerlidir: 4691 sayılı Kanun'daki kazanç istisnası 31/12/2028'e kadar, 5746 sayılı Kanun da 31/12/2028'e kadar uygulanır. | F42: [kanun-4691] elde ettikleri kazançları 31/12/2028 tarihine kadar gelir ve kurumlar vergisinden müstesnadır [kanun-5746] Bu Kanun 31/12/2028 tarihine kadar uygulanmak üzere | G42: kanun-4691 kanun-5746 | H42: 31/12/2028 | J42: Evet | K42: Doğrulanmadı
A43: q048 | B43: Çok belge | C43: Zor | D43: 1501 projemizde destek kapsamına itiraz etmek istiyoruz; ayrıca başka bir başvurumuz reddedildi. Bu iki itiraz için süreler nedir? | E43: 1501 Esaslarına göre destek kapsamına itiraz, destek karar yazısı tarihinden itibaren en fazla 2 ay içinde yapılır. Başvuru değerlendirme sonucuna (ret) itiraz ise İtiraz Yönetmeliğine göre tebliğden itibaren 15 gün içinde TÜBİMER'den yapılır. | F43: [mevzuat-030] Destek kapsamına itirazlar, proje destek karar yazısı tarihinden itibaren en fazla iki (2) ay içinde yapılabilir. [mevzuat-116] itiraza konu işlemin ilgiliye tebliğinden (yazılı veya elektronik olarak gerçekleştirilen bildirimden) itibaren 15 gündür | G43: mevzuat-030 mevzuat-116 | H43: 2, 15 | I43: 1501 | J43: Evet | K43: Doğrulanmadı
A44: q049 | B44: Çok belge | C44: Orta | D44: 1507 Uygulama Esaslarında azami proje bütçesi rakam olarak yazıyor mu? Güncel bütçe sınırı nedir? | E44: Esaslar azami bütçeyi rakam vermeden Yönetim Kurulunun belirleyeceğini söyler; program sayfasına göre proje bütçesi en fazla 3.500.000 TL'dir. | F44: [mevzuat-031] Bu programa başvuran projelerin azami bütçesi Yönetim Kurulu tarafından belirlenir. [sayfa-sanayi__ulusal-destek-programlari__1507-tubitak-kobi-ar-ge-baslangic-destek-programi] Proje bütçesi en fazla 3.500.000 TL’dir. | G44: mevzuat-031 sayfa-sanayi__ulusal-destek-programlari__1507-tubitak-kobi-ar-ge-baslangic-destek-programi | H44: 3.500.000 | I44: 1507 | J44: Evet | K44: Doğrulanmadı
A45: q050 | B45: Çok belge | C45: Orta | D45: Büyük ölçekli bir şirket 1505 projesinde müşteri kuruluş olabilir mi; olursa bütçenin ne kadarını TÜBİTAK karşılar? | E45: Evet, şirket ölçeğine kısıtlama yoktur (SSS). Müşteri büyük ölçekli ise bütçenin %60'ını TÜBİTAK, %40'ını müşteri kuruluş karşılar (Uygulama Esasları). | F45: [dosya-358f2addd2d5] Büyük ölçekli şirketler müşteri kuruluş olabilir mi? Evet. [mevzuat-070] destek kapsamına alınan proje bütçesinin %60'ı TÜBİTAK, kalan %40'ı müşteri kuruluş tarafından karşılanır | G45: dosya-358f2addd2d5 mevzuat-070 | H45: 60, 40 | I45: 1505 | J45: Evet | K45: Doğrulanmadı
A46: q051 | B46: Çok belge | C46: Orta | D46: 1001 projesinde bütçe üst limiti nedir ve buna ek olarak kurum hissesi ne kadar verilir? | E46: 1001'de 2026 1. dönem itibarıyla destek üst limiti (burs dahil, PTİ ve kurum hissesi hariç) 3.000.000 TL'dir; kurum hissesi ayrıca proje bütçesinin %10'una kadar hesaplanarak eklenir. | F46: [sayfa-akademik__ulusal-destek-programlari__1001-bilimsel-ve-teknolojik-arastirma-projelerini-destekleme-programi] yıllık bütçe sınırlaması olmaksızın 3.000.000 TL’dir [mevzuat-048] Kurum hissesi ödeneği, proje bütçesinin %10’una kadar hesaplanır. | G46: sayfa-akademik__ulusal-destek-programlari__1001-bilimsel-ve-teknolojik-arastirma-projelerini-destekleme-programi mevzuat-048 | H46: 3.000.000, 10 | I46: 1001 | J46: Evet | K46: Doğrulanmadı
A47: q052 | B47: Çok belge | C47: Zor | D47: Patent desteği için bireysel olarak yılda kaç başvuruda destek alabilirim ve ulusal patent başvuruları hâlâ destekleniyor mu? | E47: Gerçek kişiler yılda en fazla 5 patent başvurusu için destek alabilir (Uygulama Esasları). Ancak program sayfasına göre 03.01.2019 tarihli YK kararıyla ulusal patent başvurularına verilen destek ve ödüller başvuruya kapalıdır; PCT kapsamındaki uluslararası başvurular desteklenir. | F47: [mevzuat-068] Gerçek kişiler bir takvim yılı içerisinde en fazla 5 (beş) patent başvurusu için [sayfa-sanayi__ulusal-destek-programlari__1602-tubitak-patent-destek-programi] ulusal patent başvurularına verilen destek ve ödüller başvuruya kapalıdır | G47: mevzuat-068 sayfa-sanayi__ulusal-destek-programlari__1602-tubitak-patent-destek-programi | H47: 5 | I47: 1602 | J47: Evet | K47: Doğrulanmadı
A48: q053 | B48: Çok belge | C48: Orta | D48: 1004 Mükemmeliyet Merkezi programında KOBİ ortağa uygulanacak destek oranı ve araştırma programının azami süresi nedir? | E48: KOBİ'lerin bütçesinin %75'ine kadar destek verilir (büyük ölçekli %60, üniversite/kamu %100); süre en fazla 48 aydır. | F48: [mevzuat-100] KOBİ'lerin bütçesinin %75'ine kadar [sayfa-akademik__ulusal-destek-programlari__1004-mukemmeliyet-merkezi-destek-programi] Süre en fazla 48 ay olabilir. | G48: mevzuat-100 sayfa-akademik__ulusal-destek-programlari__1004-mukemmeliyet-merkezi-destek-programi | H48: 75, 48 | I48: 1004 | J48: Evet | K48: Doğrulanmadı
A49: q054 | B49: Çok belge | C49: Zor | D49: 1501 ve 1507 2026-2 çağrılarına aynı anda başvurmak istiyoruz. Toplam kaç proje önerisi verebiliriz ve 1507'de destek oranı ne olur? | E49: İki çağrı için kuruluş başına toplam en fazla 2 proje önerisi verilebilir (ör. 1+1 ya da 2+0). 1507'de destek oranı her dönem için en fazla %75'tir. | F49: [dosya-3c4c2d391f25] Bu çağrı ile eş zamanlı olarak açılmış olan 1501-Sanayi Ar-Ge Destek Programı 2026 yılı 2. Çağrısına yapılan başvurular da bu limitin uygulanacağı başvuru sayısına dâhildir. [mevzuat-031] Bu programda uygulanacak destek oranı her dönem için en fazla %75 olarak belirlenmiştir. | G49: dosya-3c4c2d391f25 mevzuat-031 | H49: 2, 75 | I49: 1501, 1507 | J49: Evet | K49: Doğrulanmadı
A50: q055 | B50: Çok belge | C50: Zor | D50: ARDEB projesinde süre uzatımı ne kadar yapılabilir, 1501 projesinde durum farklı mı? | E50: ARDEB İdari ve Mali Esaslarına göre proje süresi toplam sürenin en fazla %50'sine kadar uzatılabilir. 1501'de de destek süresi en fazla %50 oranında ve bir defaya mahsus artırılabilir, ancak toplam süre 36 ayı geçemez. | F50: [mevzuat-048] Proje süresi, toplam sürenin en fazla yüzde ellisine kadar uzatılabilir. [mevzuat-030] proje destek süresi otuzaltı ayı geçmemek üzere ve proje destek süresinin en fazla yüzde ellisi (%50) oranında bir defaya mahsus olmak üzere | G50: mevzuat-048 mevzuat-030 | H50: 50, 36 | I50: 1501 | J50: Evet | K50: Doğrulanmadı
A51: q056 | B51: Çok belge | C51: Orta | D51: 1002-A Hızlı Destek ile 1001 arasında proje süresi ve bütçe bakımından fark nedir? | E51: 1002-A'da proje süresi en fazla 12 ay ve destek üst limiti yıllık 150.000 TL'dir; 1001'de süre en fazla 36 ay, üst limit 3.000.000 TL'dir. | F51: [sayfa-akademik__ulusal-destek-programlari__1002-hizli-destek-modulu] Proje süresi en fazla 12 ay olabilir. [sayfa-akademik__ulusal-destek-programlari__1001-bilimsel-ve-teknolojik-arastirma-projelerini-destekleme-programi] Proje süresi en fazla 36 aydır. [sayfa-akademik__ulusal-destek-programlari__1001-bilimsel-ve-teknolojik-arastirma-projelerini-destekleme-programi] yıllık bütçe sınırlaması olmaksızın 3.000.000 TL’dir | G51: sayfa-akademik__ulusal-destek-programlari__1002-hizli-destek-modulu sayfa-akademik__ulusal-destek-programlari__1001-bilimsel-ve-teknolojik-arastirma-projelerini-destekleme-programi | H51: 12, 36, 150.000, 3.000.000 | I51: 1001, 1002 | J51: Evet | K51: Doğrulanmadı
A52: q057 | B52: Çok belge | C52: Zor | D52: 4004 projesinde yer alan bir öğrenci aynı çağrı döneminde 4005 projesine de katılımcı olabilir mi? 4005'te destek üst limiti nedir? | E52: Hayır; katılımcılar aynı çağrı döneminde herhangi bir 4004, 4005 veya 4008 projesinde katılımcı olarak yer almamış kişilerden oluşturulur. 4005'te destek üst limiti PTİ hariç 425.000 TL'dir. | F52: [dosya-6e23ae041c05] Projenin katılımcıları aynı çağrı döneminde herhangi bir 4004, 4005 veya 4008 projesinde katılımcı olarak yer almamış kişilerden oluşturulur. [dosya-3b4579909814] Destek üst limiti, PTİ hariç 425.000 TL (KDV dâhil)’dir. | G52: dosya-6e23ae041c05 dosya-3b4579909814 | H52: 425.000 | I52: 4004, 4005 | J52: Evet | K52: Doğrulanmadı
A53: q058 | B53: Çok belge | C53: Zor | D53: 2211 doktora bursiyeriyim; 1001 projesinde doktora bursiyeri olursam aylık burs ne kadar olur ve 2211 bursum en fazla kaç ay sürer? | E53: 1001 sayfasına göre ücret karşılığı çalışmayan doktora öğrencisi bursiyere aylık 32.500 TL ödenir (1 Ocak 2026 itibarıyla). 2211 bursu yüksek lisans sonrası doktora için en çok 48 ay, bütünleşik doktora için 60 aydır. | F53: [sayfa-akademik__ulusal-destek-programlari__1001-bilimsel-ve-teknolojik-arastirma-projelerini-destekleme-programi] Doktora Öğrencisi | 32.500.-TL/ay | 8.500.-TL/ay [mevzuat-040] yüksek lisans sonrası doktora programı için en çok 48 ay, bütünleşik doktora programı için 60 aydır | G53: sayfa-akademik__ulusal-destek-programlari__1001-bilimsel-ve-teknolojik-arastirma-projelerini-destekleme-programi mevzuat-040 | H53: 32.500, 48, 60 | I53: 1001, 2211 | J53: Evet | K53: Doğrulanmadı | L53: Aynı anda iki burstan yararlanma kuralları corpus'ta açık değil; beklenen cevap yalnız iki olguyu birleştirir.
A54: q059 | B54: Sürüm | C54: Orta | D54: 1707 Sipariş Ar-Ge çağrısında proje bütçesi üst sınırı ne kadar? | E54: En güncel 2026-3 çağrı dokümanına göre bütçe en fazla 10.000.000 TL'dir. (2024 tarihli üst limit tablosu 2022 çağrıları için 5.000.000 TL yazıyordu; güncel çağrı esas alınmalıdır.) | F54: [dosya-b5665606654f] Başvurulan projelerin bütçesi en fazla 10.000.000 TL (on milyon Türk Lirası) olacaktır. | G54: dosya-b5665606654f | H54: 10.000.000 | I54: 1707 | J54: Evet | K54: Doğrulanmadı | L54: Eski değer: dosya-6a5eda267423 (2024-03 üst limit tablosu, 2022 çağrıları: 5.000.000).
A55: q060 | B55: Sürüm | C55: Orta | D55: 1711 Yapay Zekâ Ekosistem çağrısında proje bütçesi en fazla ne kadar olabilir? | E55: 2026 çağrı metnine göre genel gider, PTİ ve kurum hissesi hariç en fazla 10.000.000 TL'dir. (2024 tarihli üst limit tablosunda 5.000.000 TL yazıyordu.) | F55: [dosya-60d1d7043d13] Genel Gider, Proje Teşvik İkramiyesi ve Kurum Hissesi hariç en fazla 10.000.000 TL (on milyon Türk Lirası) olacaktır | G55: dosya-60d1d7043d13 | H55: 10.000.000 | I55: 1711 | J55: Evet | K55: Doğrulanmadı | L55: Eski değer: dosya-6a5eda267423 (5.000.000 TL).
A56: q061 | B56: Sürüm | C56: Orta | D56: 5746 sayılı Ar-Ge Kanunu ne zamana kadar yürürlükte kalacak? Daha önce 2023'te bitmiyor muydu? | E56: Güncel metne göre Kanun 31/12/2028 tarihine kadar uygulanır (2021 değişikliğinden önce 31/12/2023 idi). | F56: [kanun-5746] Bu Kanun 31/12/2028 tarihine kadar uygulanmak üzere | G56: kanun-5746 | H56: 31/12/2028 | J56: Evet | K56: Doğrulanmadı | L56: Önceki tarih (31/12/2023) değişiklik notunda; ayrıştırıcı düzeltmesinden sonra notun metinden çıkması beklenir.
A57: q062 | B57: Sürüm | C57: Zor | D57: ARDEB İdari ve Mali Esaslarında kurum hissesine ilişkin son değişiklikler hangi projelerden itibaren uygulanıyor? | E57: Esasların 10. maddesine göre kurum hissesinin belirlenmesi ve harcanmasına ilişkin değişiklikler 01/01/2026 tarihinden itibaren desteklenmesine karar verilen projelerde uygulanır. | F57: [mevzuat-048] 01/01/2026 tarihinden itibaren desteklenmesine karar verilen projelerde uygulanır | G57: mevzuat-048 | H57: 01/01/2026 | J57: Evet | K57: Doğrulanmadı
A58: q063 | B58: Sürüm | C58: Kolay | D58: 1001 programında güncel proje bütçe üst limiti ne kadar? | E58: 2026 yılı 1. dönemi itibarıyla destek üst limiti (burs dahil, PTİ ve kurum hissesi hariç) yıllık bütçe sınırlaması olmaksızın 3.000.000 TL'dir (özel çağrılarda çağrı metnindeki daha düşük limitler geçerlidir). | F58: [sayfa-akademik__ulusal-destek-programlari__1001-bilimsel-ve-teknolojik-arastirma-projelerini-destekleme-programi] 2026 yılı 1. dönemi itibariyle proje destek üst limiti (burs dahil, proje teşvik ikramiyesi (PTİ) ve kurum hissesi hariç) yıllık bütçe sınırlaması olmaksızın 3.000.000 TL’dir | G58: sayfa-akademik__ulusal-destek-programlari__1001-bilimsel-ve-teknolojik-arastirma-projelerini-destekleme-programi | H58: 3.000.000 | I58: 1001 | J58: Evet | K58: Doğrulanmadı | L58: Başvuru kılavuzu (2024-04, dosya-88eb01895fb2) yalnız 'programın destek üst limiti' der; güncel rakam program sayfasındadır.
A59: q064 | B59: Sürüm | C59: Orta | D59: ARDEB projelerinde doktora öğrencisi bursiyere güncel olarak ayda ne kadar burs ödeniyor? | E59: 1 Ocak 2026'dan itibaren geçerli üst sınırlara göre ücret karşılığı çalışmayan doktora öğrencisine 32.500 TL/ay, ücretli çalışan doktora öğrencisine 8.500 TL/ay ödenir. | F59: [sayfa-akademik__ulusal-destek-programlari__1001-bilimsel-ve-teknolojik-arastirma-projelerini-destekleme-programi] Burslar ile ilgili üst sınırlar, 1 Ocak 2026 tarihinden itibaren geçerli [sayfa-akademik__ulusal-destek-programlari__1001-bilimsel-ve-teknolojik-arastirma-projelerini-destekleme-programi] Doktora Öğrencisi | 32.500.-TL/ay | 8.500.-TL/ay | G59: sayfa-akademik__ulusal-destek-programlari__1001-bilimsel-ve-teknolojik-arastirma-projelerini-destekleme-programi | H59: 32.500, 8.500 | I59: 1001 | J59: Evet | K59: Doğrulanmadı
A60: q065 | B60: Sürüm | C60: Orta | D60: 4006 bilim fuarı destek tutarları sabit mi, güncellenecek mi? | E60: 13. dönem çağrısındaki tutar hazırlık desteği 7.000 TL + alt proje başına 750 TL'dir; bu tutar enflasyon verileri dikkate alınarak güncellenecek ve Ekim ayında yeniden duyurulacaktır. | F60: [dosya-0f15ecfa44a1] Belirtilen destek miktarı, enflasyon verileri dikkate alınarak güncellenecek ve Ekim ayı içinde tekrar duyurulacaktır. | G60: dosya-0f15ecfa44a1 | H60: 7.000, 750 | I60: 4006 | J60: Evet | K60: Doğrulanmadı | L60: Güncellenmiş tutar corpus'ta yok; sistem mevcut tutarı verip güncelleneceğini belirtmeli.
A61: q066 | B61: Sürüm | C61: Zor | D61: BiGG kapsamında girişim şirketine sağlanan destek miktarı ne kadar? Eski tabloda 900 bin TL görmüştüm. | E61: En güncel 1812 BiGG Yatırım 2026-2 çağrısına göre TÜBİTAK BİGG Fonu kuruluşun %3 payı karşılığında 1.350.000 TL yatırım yapar. 900.000 TL, önceki çağrı dönemlerinde (2025 SSS, 2026-1 dönemi) aynı %3 pay için uygulanan eski tutardır. | F61: [dosya-4a616f06b928] kuruluşun %3 payı karşılığında TÜBİTAK BİGG Fonu kuruluşa 1.350.000 TL yatırım yapacaktır | G61: dosya-4a616f06b928 | H61: 1.350.000 | I61: 1812 | J61: Evet | K61: Doğrulanmadı | L61: Eski değer (900.000 TL, %3 pay): dosya-896a91e64c3b (BiGG Yatırım SSS, 2025-08) ve dosya-5421b87f8f3c (1601 2025-1 çağrısı). Review 1'de düzeltildi (önce yanlışlıkla 1512 tablo değeri sanılmıştı).
A62: q067 | B62: Sürüm | C62: Orta | D62: 2224-A çağrı duyurusunun son halinde neler güncellendi? | E62: Güncel duyuruda başvuru koşulları (4.1.6 ve 4.1.10.4) ve yükümlülükler (8.2) güncellenmiştir. | F62: [dosya-b82f05be2ea3] Başvuru koşulları güncellenmiştir. (Lütfen bakınız 4.1.6. ) [dosya-b82f05be2ea3] Yükümlülükler güncellenmiştir. (Lütfen bakınız 8.2.) | G62: dosya-b82f05be2ea3 | H62: 4.1.6, 8.2 | I62: 2224 | J62: Evet | K62: Doğrulanmadı
A63: q068 | B63: Sürüm | C63: Orta | D63: 1501 2026 yılı 2. çağrısının son başvuru tarihi ne? | E63: 2026-2 çağrısında kuruluş bazlı ön kayıt son tarihi 22.10.2026, çağrı kapanış tarihi 26.10.2026 (saat 23:59)'dur. | F63: [dosya-10f733d7f6a2] Çağrı Kapanış Tarihi3 26.10.2026 (Saat 23:59) | G63: dosya-10f733d7f6a2 | H63: 26.10.2026 | I63: 1501 | J63: Evet | K63: Doğrulanmadı | L63: Çağrı tarihleri her dönem değişir; en güncel çağrı dokümanı esas alınır.
A64: q069 | B64: Belirsiz | C64: Kolay | D64: TÜBİTAK projelerinde proje süresi en fazla kaç ay olabilir? | E64: Programa göre değişir: örneğin 1001'de en fazla 36 ay, 1005'te 18 ay, 1002-A Hızlı Destek'te 12 ay. Hangi programı kastettiğinizi belirtirseniz kesin süre verilebilir. | F64: [sayfa-akademik__ulusal-destek-programlari__1001-bilimsel-ve-teknolojik-arastirma-projelerini-destekleme-programi] Proje süresi en fazla 36 aydır. [mevzuat-086] projelerin süresi en fazla 18 aydır [sayfa-akademik__ulusal-destek-programlari__1002-hizli-destek-modulu] Proje süresi en fazla 12 ay olabilir. | G64: sayfa-akademik__ulusal-destek-programlari__1001-bilimsel-ve-teknolojik-arastirma-projelerini-destekleme-programi mevzuat-086 sayfa-akademik__ulusal-destek-programlari__1002-hizli-destek-modulu | H64: 36, 18, 12 | I64: 1001, 1005, 1002 | J64: Evet | K64: Doğrulanmadı
A65: q070 | B65: Belirsiz | C65: Kolay | D65: Destek oranı yüzde kaç? | E65: Programa göre değişir. 1501 Esaslarına göre büyük kuruluş %60 / KOBİ %75; güncel 1501 çağrısında yalnız KOBİ'ler başvurabilir ve oran ilk 5 projede %75, sonraki projelerde %60'tır. 1507'de destek oranı her dönem için en fazla %75'tir. | F65: [mevzuat-030] Destek oranı büyük kuruluşlar için en fazla % 60 ve KOBİ ölçeğindeki kuruluşlar içinse en fazla %75 olarak uygulanır. [dosya-10f733d7f6a2] Destek oranı %60 ve hibe destek tutarı en fazla 20 Milyon TL [mevzuat-031] Bu programda uygulanacak destek oranı her dönem için en fazla %75 olarak belirlenmiştir. | G65: mevzuat-030 dosya-10f733d7f6a2 mevzuat-031 | H65: 60, 75 | I65: 1501, 1507 | J65: Evet | K65: Doğrulanmadı
A66: q071 | B66: Belirsiz | C66: Orta | D66: Proje bütçesinin üst limiti ne kadar? | E66: Programa göre değişir: 1001'de 3.000.000 TL, 1005'te 1.200.000 TL, 1507'de 3.500.000 TL. | F66: [sayfa-akademik__ulusal-destek-programlari__1001-bilimsel-ve-teknolojik-arastirma-projelerini-destekleme-programi] yıllık bütçe sınırlaması olmaksızın 3.000.000 TL’dir [sayfa-akademik__ulusal-destek-programlari__1005-ulusal-yeni-fikirler-ve-urunler-arastirma-destek-programi] kurum hissesi hariç) 1.200.000 TL’dir [sayfa-sanayi__ulusal-destek-programlari__1507-tubitak-kobi-ar-ge-baslangic-destek-programi] Proje bütçesi en fazla 3.500.000 TL’dir. | G66: sayfa-akademik__ulusal-destek-programlari__1001-bilimsel-ve-teknolojik-arastirma-projelerini-destekleme-programi sayfa-akademik__ulusal-destek-programlari__1005-ulusal-yeni-fikirler-ve-urunler-arastirma-destek-programi sayfa-sanayi__ulusal-destek-programlari__1507-tubitak-kobi-ar-ge-baslangic-destek-programi | H66: 3.000.000, 1.200.000, 3.500.000 | I66: 1001, 1005, 1507 | J66: Evet | K66: Doğrulanmadı
A67: q072 | B67: Belirsiz | C67: Orta | D67: Bilim ve toplum projelerinde destek üst limiti ne kadar? | E67: Programa göre değişir: 4004 (ve 4005, 4008) için PTİ hariç 425.000 TL; 4007'de bilim şenlikleri için 450.000 TL, bilim festivalleri için 1.500.000 TL. | F67: [dosya-6e23ae041c05] Destek üst limiti, Proje Teşvik İkramiyesi hariç 425.000 TL (KDV dâhil)’dir [dosya-4806f8f8bca1] Bilim Şenlikleri için 450.000 TL (KDV dâhil) | G67: dosya-6e23ae041c05 dosya-4806f8f8bca1 | H67: 425.000, 450.000, 1.500.000 | I67: 4004, 4007 | J67: Evet | K67: Doğrulanmadı
A68: q073 | B68: Belirsiz | C68: Orta | D68: Başvurular ne zaman kapanıyor? | E68: Çağrıya göre değişir: 1501 2026-2 çağrısı 26.10.2026'da, 1507 2026-2 çağrısı 11.11.2026'da, 4006-A 13. dönem başvuruları 13 Kasım 2026'da kapanır. | F68: [dosya-10f733d7f6a2] Çağrı Kapanış Tarihi3 26.10.2026 (Saat 23:59) [dosya-3c4c2d391f25] Çağrı Kapanış Tarihi3 11.11.2026 (Saat 23:59) [dosya-0f15ecfa44a1] Başvuru Dönemi 21 Eylül - 13 Kasım 2026 (saat 17:30) | G68: dosya-10f733d7f6a2 dosya-3c4c2d391f25 dosya-0f15ecfa44a1 | H68: 26.10.2026, 11.11.2026 | I68: 1501, 1507, 4006 | J68: Evet | K68: Doğrulanmadı
A69: q074 | B69: Belirsiz | C69: Zor | D69: Destek süresi uzatılabiliyor mu? | E69: Programa göre değişir: 1501'de 36 ayı geçmemek ve en fazla %50 oranında bir defaya mahsus uzatılabilir; 1707 Sipariş Ar-Ge çağrısında uzatılsa dahi 24 ay aşılamaz; ARDEB projelerinde süre toplam sürenin en fazla %50'si kadar uzatılabilir. | F69: [mevzuat-030] proje destek süresi otuzaltı ayı geçmemek üzere ve proje destek süresinin en fazla yüzde ellisi (%50) oranında bir defaya mahsus olmak üzere [dosya-b5665606654f] Destek süresi uzatılsa dahi yirmi dört ay aşılmaz. [mevzuat-048] Proje süresi, toplam sürenin en fazla yüzde ellisine kadar uzatılabilir. | G69: mevzuat-030 dosya-b5665606654f mevzuat-048 | H69: 50, 24 | I69: 1501, 1707 | J69: Evet | K69: Doğrulanmadı
A70: q075 | B70: Belirsiz | C70: Orta | D70: Proje yürütücüsüne PTİ (proje teşvik ikramiyesi) ödeniyor mu? | E70: Programa göre değişir: 1002-A Hızlı Destek Modülünde yürütücü, araştırmacı ve danışmanlara PTİ ödenmez; 4007 bilim festivallerinde yürütücü PTİ'si 40.000 TL'dir. | F70: [sayfa-akademik__ulusal-destek-programlari__1002-hizli-destek-modulu] Bu modül kapsamında yürütücü, araştırmacı ve danışmanlara PTİ ödemesi yapılmamaktadır. [dosya-4806f8f8bca1] PTİ miktarı Bilim Festivalleri için 40.000 TL | G70: sayfa-akademik__ulusal-destek-programlari__1002-hizli-destek-modulu dosya-4806f8f8bca1 | H70: 40.000 | I70: 1002, 4007 | J70: Evet | K70: Doğrulanmadı
A71: q076 | B71: Belirsiz | C71: Orta | D71: Bir kuruluş en fazla kaç proje önerisiyle başvurabilir? | E71: Programa göre değişir: 1501/1507 2026-2 çağrılarında kuruluş başına toplam en fazla 2 proje önerisi; 1505'te bir şirketin müşteri kuruluş olarak yer alabileceği proje sayısında kısıtlama yoktur. | F71: [dosya-10f733d7f6a2] Bir kuruluş, çağrıya en fazla 2 proje önerisi ile başvuru yapabilir. [dosya-358f2addd2d5] Bir sermaye şirketinin müşteri kuruluş olarak dahil olabileceği proje sayısı konusunda bir kısıtlama yoktur. | G71: dosya-10f733d7f6a2 dosya-358f2addd2d5 | H71: 2 | I71: 1501, 1505 | J71: Evet | K71: Doğrulanmadı
A72: q077 | B72: Belirsiz | C72: Zor | D72: Değerlendirmede geçme puanı kaç? | E72: Programa göre değişir: 1507 (ve 1501) 2026-2 çağrılarında Kurul Değerlendirme Eşik Değeri 60 puandır; BiGG Yatırım hızlandırma programında iş fikri her boyuttan (10 üzerinden) en az 7 puan almalıdır. | F72: [dosya-3c4c2d391f25] Kurul Değerlendirme Eşik Değeri 60 puandır. [dosya-4a616f06b928] ilgili boyutların her birinden en az 7 puan almalıdır | G72: dosya-3c4c2d391f25 dosya-4a616f06b928 | H72: 60, 7 | I72: 1507, 1812 | J72: Evet | K72: Doğrulanmadı
A73: q079 | B73: Cevapsız | C73: Orta | D73: 1507 programında 2027 yılı için belirlenen proje bütçesi üst limiti kaç TL? | E73: bilgi bulunamadı | I73: 1507 | J73: Hayır – ret (bilgi bulunamadı) | K73: Doğrulanmadı | L73: Corpus'ta 2027 limiti yok; sistem güncel limiti (3.500.000 TL) 2027 için geçerliymiş gibi sunmamalı.
A74: q080 | B74: Cevapsız | C74: Kolay | D74: 1501 programının 2027 yılı 1. çağrısı hangi tarihte açılacak? | E74: bilgi bulunamadı | I74: 1501 | J74: Hayır – ret (bilgi bulunamadı) | K74: Doğrulanmadı
A75: q081 | B75: Tek belge | C75: Zor | D75: Teknopark personelinin bölge dışında geçirdiği süreler gelir vergisi stopajı teşvikinden ne ölçüde yararlanır? | E75: 4691 sayılı Kanun Geçici 2. maddeye göre, teşvike konu toplam çalışma sürelerinin %20'sini aşmamak kaydıyla bölge dışı süreler de teşvik kapsamındadır; Cumhurbaşkanı bu oranı %100'e kadar artırabilir. | F75: [kanun-4691] teşvike konu edilen toplam çalışma sürelerinin yüzde yirmisini aşmamak kaydıyla | G75: kanun-4691 | H75: 20 | J75: Evet | K75: Doğrulanmadı | L75: Review 1: önce cevapsiz idi (TGB Uygulama Yönetmeliği varsayımı); 4691 Geçici 2/3 cevaplıyor, tek_belge yapıldı.
A76: q082 | B76: Cevapsız | C76: Zor | D76: Ar-Ge Merkezleri Uygulama ve Denetim Yönetmeliği'ne göre Ar-Ge merkezi belgesi başvurusu kaç gün içinde sonuçlandırılır? | E76: bilgi bulunamadı | J76: Hayır – ret (bilgi bulunamadı) | K76: Doğrulanmadı | L76: eksik veri: Ar-Ge Merkezleri Uygulama ve Denetim Yönetmeliği corpus'ta yok.
A77: q083 | B77: Cevapsız | C77: Kolay | D77: 2211 Yurt İçi Doktora Bursu kapsamında ayda kaç TL burs ödeniyor? | E77: bilgi bulunamadı | I77: 2211 | J77: Hayır – ret (bilgi bulunamadı) | K77: Doğrulanmadı | L77: Corpus'ta 2211 yalnız süre olarak geçiyor (mevzuat-040); aylık tutar yok.
A78: q084 | B78: Cevapsız | C78: Orta | D78: 2209-A Üniversite Öğrencileri Araştırma Projeleri programında öğrenci projesine en fazla ne kadar bütçe veriliyor? | E78: bilgi bulunamadı | I78: 2209 | J78: Hayır – ret (bilgi bulunamadı) | K78: Doğrulanmadı | L78: 2209 corpus'ta yalnız program listesinde adıyla geçiyor.
A79: q085 | B79: Cevapsız | C79: Orta | D79: 121M345 numaralı 1001 projemin ara rapor değerlendirmesi ne durumda? | E79: bilgi bulunamadı | I79: 1001 | J79: Hayır – ret (bilgi bulunamadı) | K79: Doğrulanmadı | L79: Kişiye/projeye özel durum bilgisi; corpus'ta olamaz.
A80: q086 | B80: Cevapsız | C80: Orta | D80: 1719 Eureka Network çağrılarında proje bütçesi en fazla kaç avro olabilir? | E80: bilgi bulunamadı | I80: 1719 | J80: Hayır – ret (bilgi bulunamadı) | K80: Doğrulanmadı | L80: Program sayfası bütçe/süre için çağrı duyurusuna yönlendiriyor; 1719 çağrı metni corpus'ta yok.
A81: q087 | B81: Cevapsız | C81: Orta | D81: 2224-A ile Japonya'daki bir konferansa katılırsam destek üst limiti kaç TL olur? | E81: bilgi bulunamadı | I81: 2224 | J81: Hayır – ret (bilgi bulunamadı) | K81: Doğrulanmadı | L81: Ülkelere göre limitler bağlantılı ayrı dosyada; corpus'ta yok.
A82: q088 | B82: Cevapsız | C82: Orta | D82: 2026 yılında 1001 programına yapılan başvuruların yüzde kaçı desteklendi? | E82: bilgi bulunamadı | I82: 1001 | J82: Hayır – ret (bilgi bulunamadı) | K82: Doğrulanmadı | L82: İstatistik sayfası boş; başarı oranı corpus'ta yok.
A83: q089 | B83: Cevapsız | C83: Kolay | D83: 1832 Sanayide Yeşil Dönüşüm çağrısının 2027-1 dönemi ne zaman açılacak? | E83: bilgi bulunamadı | I83: 1832 | J83: Hayır – ret (bilgi bulunamadı) | K83: Doğrulanmadı
A84: q090 | B84: Cevapsız | C84: Orta | D84: Ufuk Avrupa Marie Skłodowska-Curie doktora sonrası bursunda araştırmacıya aylık kaç avro ödeniyor? | E84: bilgi bulunamadı | J84: Hayır – ret (bilgi bulunamadı) | K84: Doğrulanmadı | L84: Ufuk Avrupa sayfası yalnız kısa yönlendirme içeriyor.
A85: q091 | B85: Cevapsız | C85: Orta | D85: TÜBİTAK 1001 projelerinde 2026 yılı için proje yürütücüsüne ödenecek aylık PTİ üst sınırı kaç TL? | E85: bilgi bulunamadı | I85: 1001 | J85: Hayır – ret (bilgi bulunamadı) | K85: Doğrulanmadı | L85: İdari ve Mali Esaslar PTİ üst sınırının her yıl YK kararıyla belirlendiğini söylüyor; tutar corpus'ta yok. İnceleyici doğrulamalı.
A86: q092 | B86: Cevapsız | C86: Orta | D86: 1515 Öncül Ar-Ge Laboratuvarları programında bugüne kadar kaç laboratuvar desteklendi? | E86: bilgi bulunamadı | I86: 1515 | J86: Hayır – ret (bilgi bulunamadı) | K86: Doğrulanmadı
A87: q093 | B87: Cevapsız | C87: Zor | D87: TÜBİTAK'ın 2027 yılı Ar-Ge destek bütçesi toplam kaç milyar TL olarak planlandı? | E87: bilgi bulunamadı | J87: Hayır – ret (bilgi bulunamadı) | K87: Doğrulanmadı
A88: q094 | B88: Kapsam dışı | C88: Kolay | D88: Yarın Ankara'da hava yağmurlu olacak mı? | E88: kapsam dışı | J88: Hayır – ret (kapsam dışı) | K88: Doğrulanmadı
A89: q095 | B89: Kapsam dışı | C89: Kolay | D89: Dün akşamki Galatasaray - Fenerbahçe maçı kaç kaç bitti? | E89: kapsam dışı | J89: Hayır – ret (kapsam dışı) | K89: Doğrulanmadı
A90: q096 | B90: Kapsam dışı | C90: Kolay | D90: Fırında mercimek köftesi nasıl yapılır, tarifini verir misin? | E90: kapsam dışı | J90: Hayır – ret (kapsam dışı) | K90: Doğrulanmadı
A91: q097 | B91: Kapsam dışı | C91: Orta | D91: Python'da bir listeyi tersine çeviren bir fonksiyon yazar mısın? | E91: kapsam dışı | J91: Hayır – ret (kapsam dışı) | K91: Doğrulanmadı
A92: q098 | B92: Kapsam dışı | C92: Orta | D92: Baş ağrım üç gündür geçmiyor, hangi ilacı almalıyım? | E92: kapsam dışı | J92: Hayır – ret (kapsam dışı) | K92: Doğrulanmadı
A93: q099 | B93: Kapsam dışı | C93: Zor | D93: İhracat yaptığım için KDV iadesini nasıl alırım? | E93: kapsam dışı | J93: Hayır – ret (kapsam dışı) | K93: Doğrulanmadı
A94: q100 | B94: Kapsam dışı | C94: Orta | D94: İstanbul'dan Berlin'e en ucuz uçak bileti hangi havayolunda? | E94: kapsam dışı | J94: Hayır – ret (kapsam dışı) | K94: Doğrulanmadı
A95: q101 | B95: Kapsam dışı | C95: Orta | D95: Bana sonbahar üzerine kısa bir şiir yazar mısın? | E95: kapsam dışı | J95: Hayır – ret (kapsam dışı) | K95: Doğrulanmadı
A96: q102 | B96: Kapsam dışı | C96: Zor | D96: Elimdeki birikimi borsada hangi hisselere yatırmalıyım? | E96: kapsam dışı | J96: Hayır – ret (kapsam dışı) | K96: Doğrulanmadı
A97: q103 | B97: Kapsam dışı | C97: Kolay | D97: Bu cümleyi İngilizceye çevir: Yarın toplantıya geç kalacağım. | E97: kapsam dışı | J97: Hayır – ret (kapsam dışı) | K97: Doğrulanmadı
A98: q104 | B98: Cevapsız | C98: Orta | D98: Teknoparkta ofis kiralarken metrekare başına aylık kira bedeli için yasal bir üst sınır var mı, varsa ne kadar? | E98: bilgi bulunamadı | J98: Hayır – ret (bilgi bulunamadı) | K98: Doğrulanmadı | L98: Review 1: q081 yerine. Corpus'ta (4691 dahil) teknopark kira bedeli/üst sınırı geçmiyor (metin araması).
A99: q105 | B99: Tek belge | C99: Orta | D99: TEYDEB projesinde bir faturayı dönem içinde ödeyemedim; ödemenin en geç ne zamana kadar bankadan yapılması gerekir? | E99: Giderlere ait ödemelerin en geç ilgili döneme ait Mali Müşavirlik (MM) Raporunun düzenlendiği tarihe kadar bankadan yapılmış olması gerekir. | F99: [dosya-08e1be95461e] Giderlere ait ödemelerin en geç ilgili döneme ait MM Raporunun düzenlendiği tarihe kadar, ilgili mevzuat hükümlerine göre bankadan gerçekleştirilmiş olması gerekir | G99: dosya-08e1be95461e | J99: Evet | K99: Doğrulanmadı
A100: q106 | B100: Tek belge | C100: Kolay | D100: 1501/1507 başvurusunda proje adını İngilizce ya da kısaltma olarak yazabilir miyim? | E100: Hayır. Proje adı Türkçe kelimelerden oluşmalı; 'Ar-Ge Projesi' gibi ibareler, anlamsız kısaltmalar veya özel kodlar içermemelidir. | F100: [dosya-2c81d167d070] Projenin adı Türkçe kelimelerden oluşmalıdır. | G100: dosya-2c81d167d070 | I100: 1501, 1507 | J100: Evet | K100: Doğrulanmadı
A101: q107 | B101: Tek belge | C101: Orta | D101: Şirketimizde imza yetkilisi değişti; TEYDEB sisteminde kuruluş yetkilisini güncellemek için hangi belgeyi göndermeliyiz? | E101: Yeni imza sirkülerinin aslı veya noter onaylı asıl sureti, dilekçe ekinde TEYDEB Başkanlığına iletilmelidir. | F101: [dosya-4143d0e19ee4] Kuruluş yetkilisi değişikliği için yeni imza sirkülerinin aslının veya noter onaylı asıl suretinin dilekçe ekinde TEYDEB Başkanlığına iletilmesi gerekmektedir. | G101: dosya-4143d0e19ee4 | J101: Evet | K101: Doğrulanmadı
A102: q108 | B102: Tek belge | C102: Orta | D102: 4007 kapsamında bilim festivali düzenleyeceğiz; toplam katılımcı sayısı en az kaç kişi olmalı? | E102: Şenlik süresince tüm etkinliklere katılan toplam katılımcı sayısı bilim festivali için en az 50.000, bilim şenliği için en az 5.000 kişi olacak şekilde planlanmalıdır. | F102: [dosya-6462c100a947] Bilim Festivali (Büyük Ölçekli Bilim Şenliği) için en az 50.000, [dosya-6462c100a947] Bilim Şenliği için en az 5.000 kişi olacak şekilde planlanmalıdır. | G102: dosya-6462c100a947 | H102: 50.000, 5.000 | I102: 4007 | J102: Evet | K102: Doğrulanmadı
A103: q109 | B103: Tek belge | C103: Orta | D103: Yenilik Destek Programı çağrılarında (ör. 1707, 1711) destek süresi uzatmalarla birlikte en fazla ne kadar olabilir? | E103: Yenilik Destek Programı Uygulama Esasları Yönergesine göre destek süresi, süre uzatımı ile beraber en fazla 60 ay olmak üzere çağrı duyurusunda belirtilir; ticarileşme izleme süreci buna dahil değildir. | F103: [mevzuat-118] Destek süresi, bu Yönergenin 54 üncü maddesine göre verilebilecek süre uzatımı ile beraber en fazla 60 ay olmak üzere çağrı duyurusunda belirtilir. | G103: mevzuat-118 | H103: 60 | J103: Evet | K103: Doğrulanmadı | L103: Çağrıya özel üst sınırlar (ör. 1707/1711 2026 çağrılarında 24 ay) daha düşüktür.
A104: q110 | B104: Tek belge | C104: Zor | D104: Yenilik Destek Programı projesinde bursiyerim; aynı anda TÜBİTAK'ın başka bir programından da burs alabilir miyim? | E104: Genel kural olarak hayır: bursiyer aynı anda TÜBİTAK'ın farklı iki programından burs alamaz; doktora öğrencileri ve hiçbir kurumda çalışmayan doktora sonrası araştırmacılar için Yönergede istisna vardır. | F104: [mevzuat-118] Bursiyer aynı anda TÜBİTAK'ın farklı iki programından burs alamaz. | G104: mevzuat-118 | J104: Evet | K104: Doğrulanmadı
A105: q111 | B105: Belirsiz | C105: Orta | D105: Başvuruyu ortaklı yapmak zorunlu mu? | E105: Programa göre değişir: 1507'de ilk beş projenin en az ikisi ortaklı başvuru olmalıdır; 1505'te başvuru bir yürütücü kuruluş ve bir müşteri kuruluş tarafından ortak yapılır; 1709 Eurostars'ta koordinatörü KOBİ olan, en az iki Eurostars ülkesinden kuruluşlu bir proje gerekir. | F105: [mevzuat-031] KOBİ ölçeğindeki işletmelerin en az ikisi ortaklı başvuru olmak kaydıyla ilk beş projesi desteklenir [dosya-358f2addd2d5] bir yürütücü kuruluş ve bir müşteri kuruluş ortak olarak başvurabilir [dosya-0f5159f6f65e] koordinatörü bir KOBİ olmak üzere, en az iki Eurostars üyesi ülkeden kuruluşun | G105: mevzuat-031 dosya-358f2addd2d5 dosya-0f5159f6f65e | I105: 1507, 1505, 1709 | J105: Evet | K105: Doğrulanmadı | L105: Review 1: q078 (burs süresi; ikinci temiz kaynak yoktu) yerine.

Sheet Arama Sonuçları
A1: ID | B1: Tür | C1: Soru | D1: Alıntı sayısı | E1: v0 – sabit pencere (512/64), dense arama | I1: v0r – sabit pencere (512/64), dense arama + reranker | M1: v1 – yapı bazlı parçalama + bağlam başlığı, dense arama | Q1: v2 – yapı bazlı parçalama + bağlam başlığı, hibrit arama (BM25 + dense, RRF) | U1: v3 – yapı bazlı parçalama + bağlam başlığı, hibrit arama (BM25 + dense, RRF) + reranker | Y1: v3b – v3 ile aynı, embedding modeli bge-m3
E2: İlk isabet sırası | F2: R@5 | G2: R@10 | H2: MRR katkısı (1/sıra) | I2: İlk isabet sırası | J2: R@5 | K2: R@10 | L2: MRR katkısı (1/sıra) | M2: İlk isabet sırası | N2: R@5 | O2: R@10 | P2: MRR katkısı (1/sıra) | Q2: İlk isabet sırası | R2: R@5 | S2: R@10 | T2: MRR katkısı (1/sıra) | U2: İlk isabet sırası | V2: R@5 | W2: R@10 | X2: MRR katkısı (1/sıra) | Y2: İlk isabet sırası | Z2: R@5 | AA2: R@10 | AB2: MRR katkısı (1/sıra)
A3: q001 | B3: Tek belge | C3: KOBİ olarak 1507 programından proje desteği alırsam TÜBİTAK harcamalarımın en fazla yüzde kaçını karşılar? | D3: 1 | E3: 28 | F3: 0 | G3: 0 | H3: 0.035714286 | I3: 7 | J3: 0 | K3: 1 | L3: 0.14285714 | M3: 18 | N3: 0 | O3: 0 | P3: 0.055555556 | Q3: — | R3: 0 | S3: 0 | T3: 0 | U3: — | V3: 0 | W3: 0 | X3: 0 | Y3: — | Z3: 0 | AA3: 0 | AB3: 0
A4: q002 | B4: Çok belge | C4: Büyük ölçekli bir firmayız; 1501 programından hangi destek oranıyla yararlanabiliriz? | D4: 2 | E4: — | F4: 0 | G4: 0 | H4: 0 | I4: — | J4: 0 | K4: 0 | L4: 0 | M4: 17 | N4: 0 | O4: 0 | P4: 0.058823529 | Q4: 4 | R4: 0.5 | S4: 0.5 | T4: 0.25 | U4: 3 | V4: 0.5 | W4: 0.5 | X4: 0.33333333 | Y4: 3 | Z4: 0.5 | AA4: 0.5 | AB4: 0.33333333
A5: q003 | B5: Tek belge | C5: 1501 projesinde doktoralı bir personelin aylık maliyeti beyan edilirken brüt asgari ücretin kaç katıyla sınırlandırılır? Lisans mezunu için durum nedir? | D5: 1 | E5: — | F5: 0 | G5: 0 | H5: 0 | I5: — | J5: 0 | K5: 0 | L5: 0 | M5: 1 | N5: 1 | O5: 1 | P5: 1 | Q5: 1 | R5: 1 | S5: 1 | T5: 1 | U5: 1 | V5: 1 | W5: 1 | X5: 1 | Y5: 1 | Z5: 1 | AA5: 1 | AB5: 1
A6: q004 | B6: Tek belge | C6: 1501 projesi için aldığımız kalıp seri üretimde de kullanılacak. Bu kalıbın maliyeti desteğe nasıl dahil edilir? | D6: 1 | E6: — | F6: 0 | G6: 0 | H6: 0 | I6: — | J6: 0 | K6: 0 | L6: 0 | M6: 2 | N6: 1 | O6: 1 | P6: 0.5 | Q6: 1 | R6: 1 | S6: 1 | T6: 1 | U6: 1 | V6: 1 | W6: 1 | X6: 1 | Y6: 1 | Z6: 1 | AA6: 1 | AB6: 1
A7: q005 | B7: Tek belge | C7: 1501'de dönem raporunu (AGY300) son tarihten sonra gönderirsem ne olur, kesinti var mı? | D7: 1 | E7: 8 | F7: 0 | G7: 1 | H7: 0.125 | I7: 2 | J7: 1 | K7: 1 | L7: 0.5 | M7: 3 | N7: 1 | O7: 1 | P7: 0.33333333 | Q7: 2 | R7: 1 | S7: 1 | T7: 0.5 | U7: 3 | V7: 1 | W7: 1 | X7: 0.33333333 | Y7: 3 | Z7: 1 | AA7: 1 | AB7: 0.33333333
A8: q006 | B8: Tek belge | C8: 1507 KOBİ Ar-Ge Başlangıç programında bir firmanın kaç projesi desteklenebiliyor? | D8: 1 | E8: — | F8: 0 | G8: 0 | H8: 0 | I8: — | J8: 0 | K8: 0 | L8: 0 | M8: 21 | N8: 0 | O8: 0 | P8: 0.047619048 | Q8: 17 | R8: 0 | S8: 0 | T8: 0.058823529 | U8: 6 | V8: 0 | W8: 1 | X8: 0.16666667 | Y8: 6 | Z8: 0 | AA8: 1 | AB8: 0.16666667
A9: q007 | B9: Tek belge | C9: 1509 uluslararası projemizde yurt dışından danışmanlık ve hizmet almayı planlıyoruz. Bunun bir sınırı var mı? | D9: 1 | E9: — | F9: 0 | G9: 0 | H9: 0 | I9: — | J9: 0 | K9: 0 | L9: 0 | M9: 1 | N9: 1 | O9: 1 | P9: 1 | Q9: 1 | R9: 1 | S9: 1 | T9: 1 | U9: 1 | V9: 1 | W9: 1 | X9: 1 | Y9: 1 | Z9: 1 | AA9: 1 | AB9: 1
A10: q009 | B10: Tek belge | C10: 1511 projesinde aynı personel için bir ay içinde TÜBİTAK'a kaç günlük maliyet beyan edebilirim? | D10: 1 | E10: 4 | F10: 1 | G10: 1 | H10: 0.25 | I10: 5 | J10: 1 | K10: 1 | L10: 0.2 | M10: 1 | N10: 1 | O10: 1 | P10: 1 | Q10: 1 | R10: 1 | S10: 1 | T10: 1 | U10: 1 | V10: 1 | W10: 1 | X10: 1 | Y10: 1 | Z10: 1 | AA10: 1 | AB10: 1
A11: q010 | B11: Tek belge | C11: 1512 Girişimcilik Destek Programında Aşama 2 iş planı faaliyetleri en fazla ne kadar sürebilir? | D11: 1 | E11: 29 | F11: 0 | G11: 0 | H11: 0.034482759 | I11: 2 | J11: 1 | K11: 1 | L11: 0.5 | M11: 1 | N11: 1 | O11: 1 | P11: 1 | Q11: 3 | R11: 1 | S11: 1 | T11: 0.33333333 | U11: 1 | V11: 1 | W11: 1 | X11: 1 | Y11: 1 | Z11: 1 | AA11: 1 | AB11: 1
A12: q011 | B12: Tek belge | C12: BiGG Yatırım 2026-2 çağrısında TÜBİTAK BİGG Fonu girişim şirketine ne kadar yatırım yapıyor ve karşılığında kaç hisse alıyor? | D12: 1 | E12: 28 | F12: 0 | G12: 0 | H12: 0.035714286 | I12: 10 | J12: 0 | K12: 1 | L12: 0.1 | M12: 1 | N12: 1 | O12: 1 | P12: 1 | Q12: 1 | R12: 1 | S12: 1 | T12: 1 | U12: 3 | V12: 1 | W12: 1 | X12: 0.33333333 | Y12: 3 | Z12: 1 | AA12: 1 | AB12: 0.33333333
A13: q012 | B13: Tek belge | C13: BiGG Yatırım hızlandırma programına kabul edilmek için iş fikrimin değerlendirmede kaç puan alması gerekiyor? | D13: 1 | E13: kapsam reddi | I13: kapsam reddi | M13: kapsam reddi | Q13: kapsam reddi | U13: kapsam reddi | Y13: kapsam reddi
A14: q014 | B14: Tek belge | C14: Sipariş Ar-Ge (1707) 2026-3 çağrısında proje süresi uzatılırsa 24 ayı geçebilir mi? | D14: 1 | E14: — | F14: 0 | G14: 0 | H14: 0 | I14: — | J14: 0 | K14: 0 | L14: 0 | M14: 1 | N14: 1 | O14: 1 | P14: 1 | Q14: 1 | R14: 1 | S14: 1 | T14: 1 | U14: 2 | V14: 1 | W14: 1 | X14: 0.5 | Y14: 2 | Z14: 1 | AA14: 1 | AB14: 0.5
A15: q015 | B15: Tek belge | C15: Eurostars (1709) 2026/2 ulusal çağrısında Türk ortağın proje bütçesi en fazla ne kadar olabilir? | D15: 1 | E15: 2 | F15: 1 | G15: 1 | H15: 0.5 | I15: 2 | J15: 1 | K15: 1 | L15: 0.5 | M15: 1 | N15: 1 | O15: 1 | P15: 1 | Q15: 1 | R15: 1 | S15: 1 | T15: 1 | U15: 1 | V15: 1 | W15: 1 | X15: 1 | Y15: 1 | Z15: 1 | AA15: 1 | AB15: 1
A16: q017 | B16: Tek belge | C16: 1001 projemde aynı anda kaç lisans öğrencisini bursiyer olarak çalıştırabilirim? | D16: 1 | E16: — | F16: 0 | G16: 0 | H16: 0 | I16: — | J16: 0 | K16: 0 | L16: 0 | M16: 1 | N16: 1 | O16: 1 | P16: 1 | Q16: 1 | R16: 1 | S16: 1 | T16: 1 | U16: 1 | V16: 1 | W16: 1 | X16: 1 | Y16: 1 | Z16: 1 | AA16: 1 | AB16: 1
A17: q018 | B17: Tek belge | C17: Özel bir şirkette çalışıyorum; 1001 projesine yürütücü olarak başvurabilmem için şirkette ne kadar süredir çalışıyor olmam gerekir? | D17: 1 | E17: 8 | F17: 0 | G17: 1 | H17: 0.125 | I17: 4 | J17: 1 | K17: 1 | L17: 0.25 | M17: 7 | N17: 0 | O17: 1 | P17: 0.14285714 | Q17: 5 | R17: 1 | S17: 1 | T17: 0.2 | U17: 1 | V17: 1 | W17: 1 | X17: 1 | Y17: 1 | Z17: 1 | AA17: 1 | AB17: 1
A18: q019 | B18: Tek belge | C18: 1002-B Acil Destek Modülünde proje süresi ve bütçe sınırı nedir? | D18: 2 | E18: 1 | F18: 1 | G18: 1 | H18: 1 | I18: 1 | J18: 1 | K18: 1 | L18: 1 | M18: 1 | N18: 0.5 | O18: 0.5 | P18: 1 | Q18: 1 | R18: 0.5 | S18: 1 | T18: 1 | U18: 1 | V18: 1 | W18: 1 | X18: 1 | Y18: 1 | Z18: 1 | AA18: 1 | AB18: 1
A19: q020 | B19: Tek belge | C19: 1003 Öncelikli Alanlar Ar-Ge projeleri en fazla kaç ay sürebilir? | D19: 1 | E19: — | F19: 0 | G19: 0 | H19: 0 | I19: — | J19: 0 | K19: 0 | L19: 0 | M19: 4 | N19: 1 | O19: 1 | P19: 0.25 | Q19: 8 | R19: 0 | S19: 1 | T19: 0.125 | U19: 2 | V19: 1 | W19: 1 | X19: 0.5 | Y19: 2 | Z19: 1 | AA19: 1 | AB19: 0.5
A20: q021 | B20: Tek belge | C20: 1004 Mükemmeliyet Merkezi programında faaliyetlerin hangi Teknoloji Hazırlık Seviyesinde olması bekleniyor? | D20: 1 | E20: — | F20: 0 | G20: 0 | H20: 0 | I20: — | J20: 0 | K20: 0 | L20: 0 | M20: 17 | N20: 0 | O20: 0 | P20: 0.058823529 | Q20: 6 | R20: 0 | S20: 1 | T20: 0.16666667 | U20: 1 | V20: 1 | W20: 1 | X20: 1 | Y20: 1 | Z20: 1 | AA20: 1 | AB20: 1
A21: q022 | B21: Tek belge | C21: 1005 Ulusal Yeni Fikirler ve Ürünler programında bütçe üst limiti ne kadar? | D21: 1 | E21: 1 | F21: 1 | G21: 1 | H21: 1 | I21: 1 | J21: 1 | K21: 1 | L21: 1 | M21: 3 | N21: 1 | O21: 1 | P21: 0.33333333 | Q21: 1 | R21: 1 | S21: 1 | T21: 1 | U21: 1 | V21: 1 | W21: 1 | X21: 1 | Y21: 1 | Z21: 1 | AA21: 1 | AB21: 1
A22: q023 | B22: Tek belge | C22: 1007 programında fizibilite projesi nedir, süresi ne kadar olabilir? | D22: 1 | E22: 18 | F22: 0 | G22: 0 | H22: 0.055555556 | I22: 1 | J22: 1 | K22: 1 | L22: 1 | M22: 8 | N22: 0 | O22: 1 | P22: 0.125 | Q22: 2 | R22: 1 | S22: 1 | T22: 0.5 | U22: 2 | V22: 1 | W22: 1 | X22: 0.5 | Y22: 2 | Z22: 1 | AA22: 1 | AB22: 0.5
A23: q024 | B23: Tek belge | C23: 3001 Başlangıç Ar-Ge projeleri en fazla kaç ay desteklenir? | D23: 1 | E23: — | F23: 0 | G23: 0 | H23: 0 | I23: — | J23: 0 | K23: 0 | L23: 0 | M23: 2 | N23: 1 | O23: 1 | P23: 0.5 | Q23: 3 | R23: 1 | S23: 1 | T23: 0.33333333 | U23: 1 | V23: 1 | W23: 1 | X23: 1 | Y23: 1 | Z23: 1 | AA23: 1 | AB23: 1
A24: q025 | B24: Tek belge | C24: 3501 Kariyer Geliştirme programına doktoramı bitirdikten kaç yıl sonrasına kadar başvurabilirim? | D24: 1 | E24: 3 | F24: 1 | G24: 1 | H24: 0.33333333 | I24: 1 | J24: 1 | K24: 1 | L24: 1 | M24: 6 | N24: 0 | O24: 1 | P24: 0.16666667 | Q24: 10 | R24: 0 | S24: 1 | T24: 0.1 | U24: 1 | V24: 1 | W24: 1 | X24: 1 | Y24: 1 | Z24: 1 | AA24: 1 | AB24: 1
A25: q026 | B25: Tek belge | C25: 2211 Yurt İçi Doktora Burs Programında burs en fazla kaç ay ödenir? | D25: 1 | E25: 4 | F25: 1 | G25: 1 | H25: 0.25 | I25: 1 | J25: 1 | K25: 1 | L25: 1 | M25: 1 | N25: 1 | O25: 1 | P25: 1 | Q25: 1 | R25: 1 | S25: 1 | T25: 1 | U25: 1 | V25: 1 | W25: 1 | X25: 1 | Y25: 1 | Z25: 1 | AA25: 1 | AB25: 1
A26: q027 | B26: Tek belge | C26: 2213 Yurt Dışı Lisansüstü Burs Programında yurt dışında toplam ne kadar süre burs alınabilir? | D26: 1 | E26: 1 | F26: 1 | G26: 1 | H26: 1 | I26: 1 | J26: 1 | K26: 1 | L26: 1 | M26: 1 | N26: 1 | O26: 1 | P26: 1 | Q26: 1 | R26: 1 | S26: 1 | T26: 1 | U26: 1 | V26: 1 | W26: 1 | X26: 1 | Y26: 1 | Z26: 1 | AA26: 1 | AB26: 1
A27: q028 | B27: Tek belge | C27: 2224-A desteğinden aynı yıl içinde ikinci kez yararlanabilir miyim? | D27: 1 | E27: — | F27: 0 | G27: 0 | H27: 0 | I27: — | J27: 0 | K27: 0 | L27: 0 | M27: — | N27: 0 | O27: 0 | P27: 0 | Q27: — | R27: 0 | S27: 0 | T27: 0 | U27: — | V27: 0 | W27: 0 | X27: 0 | Y27: — | Z27: 0 | AA27: 0 | AB27: 0
A28: q029 | B28: Tek belge | C28: 2224-A ile konferansa katıldıktan sonra izleme belgelerini ne kadar süre içinde sisteme yüklemem gerekiyor? | D28: 1 | E28: — | F28: 0 | G28: 0 | H28: 0 | I28: — | J28: 0 | K28: 0 | L28: 0 | M28: — | N28: 0 | O28: 0 | P28: 0 | Q28: — | R28: 0 | S28: 0 | T28: 0 | U28: — | V28: 0 | W28: 0 | X28: 0 | Y28: 3 | Z28: 1 | AA28: 1 | AB28: 0.33333333
A29: q031 | B29: Tek belge | C29: 4007 kapsamında büyük ölçekli bilim festivali düzenlersek ne kadar destek alabiliriz? | D29: 1 | E29: 10 | F29: 0 | G29: 1 | H29: 0.1 | I29: 4 | J29: 1 | K29: 1 | L29: 0.25 | M29: 1 | N29: 1 | O29: 1 | P29: 1 | Q29: 1 | R29: 1 | S29: 1 | T29: 1 | U29: 2 | V29: 1 | W29: 1 | X29: 0.5 | Y29: 2 | Z29: 1 | AA29: 1 | AB29: 0.5
A30: q032 | B30: Tek belge | C30: 4006-A bilim fuarında 20 alt proje sergilenecekse okulumuza toplam ne kadar destek ödenir? | D30: 2 | E30: — | F30: 0 | G30: 0 | H30: 0 | I30: — | J30: 0 | K30: 0 | L30: 0 | M30: 1 | N30: 0.5 | O30: 1 | P30: 1 | Q30: 1 | R30: 1 | S30: 1 | T30: 1 | U30: 1 | V30: 1 | W30: 1 | X30: 1 | Y30: 1 | Z30: 1 | AA30: 1 | AB30: 1
A31: q033 | B31: Tek belge | C31: 4008 projesinde her bir etkinlik dönemi en az kaç gün olmalı? | D31: 1 | E31: 1 | F31: 1 | G31: 1 | H31: 1 | I31: 1 | J31: 1 | K31: 1 | L31: 1 | M31: 16 | N31: 0 | O31: 0 | P31: 0.0625 | Q31: 4 | R31: 1 | S31: 1 | T31: 0.25 | U31: 1 | V31: 1 | W31: 1 | X31: 1 | Y31: 1 | Z31: 1 | AA31: 1 | AB31: 1
A32: q035 | B32: Tek belge | C32: Kurum hissesinden bursiyer ödemesi veya PTİ ödemesi yapabilir miyiz? | D32: 1 | E32: 26 | F32: 0 | G32: 0 | H32: 0.038461538 | I32: 4 | J32: 1 | K32: 1 | L32: 0.25 | M32: 20 | N32: 0 | O32: 0 | P32: 0.05 | Q32: 16 | R32: 0 | S32: 0 | T32: 0.0625 | U32: 5 | V32: 1 | W32: 1 | X32: 0.2 | Y32: 5 | Z32: 1 | AA32: 1 | AB32: 0.2
A33: q036 | B33: Tek belge | C33: TÜBİTAK başvurumun reddine itiraz etmek için kaç günüm var? | D33: 1 | E33: — | F33: 0 | G33: 0 | H33: 0 | I33: — | J33: 0 | K33: 0 | L33: 0 | M33: 3 | N33: 1 | O33: 1 | P33: 0.33333333 | Q33: 3 | R33: 1 | S33: 1 | T33: 0.33333333 | U33: 3 | V33: 1 | W33: 1 | X33: 0.33333333 | Y33: 3 | Z33: 1 | AA33: 1 | AB33: 0.33333333
A34: q037 | B34: Tek belge | C34: ARDEB panel değerlendirmesinde bir panelde kaç panelist bulunur ve en fazla kaç öneri görüşülür? | D34: 1 | E34: 1 | F34: 1 | G34: 1 | H34: 1 | I34: 1 | J34: 1 | K34: 1 | L34: 1 | M34: 21 | N34: 0 | O34: 0 | P34: 0.047619048 | Q34: 14 | R34: 0 | S34: 0 | T34: 0.071428571 | U34: 2 | V34: 1 | W34: 1 | X34: 0.5 | Y34: 2 | Z34: 1 | AA34: 1 | AB34: 0.5
A35: q038 | B35: Tek belge | C35: Teknoparkta yönetici şirketin kurucuları arasında kimlerin bulunması zorunludur? | D35: 1 | E35: 1 | F35: 1 | G35: 1 | H35: 1 | I35: 1 | J35: 1 | K35: 1 | L35: 1 | M35: 1 | N35: 1 | O35: 1 | P35: 1 | Q35: 1 | R35: 1 | S35: 1 | T35: 1 | U35: 1 | V35: 1 | W35: 1 | X35: 1 | Y35: 1 | Z35: 1 | AA35: 1 | AB35: 1
A36: q039 | B36: Tek belge | C36: 5746 sayılı Kanuna göre doktoralı Ar-Ge personelinin gelir vergisi stopajının yüzde kaçı terkin edilir? | D36: 1 | E36: 29 | F36: 0 | G36: 0 | H36: 0.034482759 | I36: 4 | J36: 1 | K36: 1 | L36: 0.25 | M36: 1 | N36: 1 | O36: 1 | P36: 1 | Q36: 1 | R36: 1 | S36: 1 | T36: 1 | U36: 1 | V36: 1 | W36: 1 | X36: 1 | Y36: 1 | Z36: 1 | AA36: 1 | AB36: 1
A37: q040 | B37: Tek belge | C37: Şahıs şirketim var; 1505 projesinde müşteri kuruluş olabilir miyim? | D37: 1 | E37: 3 | F37: 1 | G37: 1 | H37: 0.33333333 | I37: 1 | J37: 1 | K37: 1 | L37: 1 | M37: 10 | N37: 0 | O37: 1 | P37: 0.1 | Q37: 1 | R37: 1 | S37: 1 | T37: 1 | U37: 1 | V37: 1 | W37: 1 | X37: 1 | Y37: 1 | Z37: 1 | AA37: 1 | AB37: 1
A38: q042 | B38: Tek belge | C38: TEYDEB destek limitleri tablosuna göre 1515 Öncül Ar-Ge Laboratuvarları programında proje bütçesi üst limiti nedir? | D38: 1 | E38: — | F38: 0 | G38: 0 | H38: 0 | I38: — | J38: 0 | K38: 0 | L38: 0 | M38: — | N38: 0 | O38: 0 | P38: 0 | Q38: 29 | R38: 0 | S38: 0 | T38: 0.034482759 | U38: 3 | V38: 1 | W38: 1 | X38: 0.33333333 | Y38: 3 | Z38: 1 | AA38: 1 | AB38: 0.33333333
A39: q043 | B39: Tek belge | C39: 1513 Teknoloji Transfer Ofisleri programında Kapasite Geliştirme Aşamasında destek oranı yüzde kaç? | D39: 1 | E39: 2 | F39: 1 | G39: 1 | H39: 0.5 | I39: 1 | J39: 1 | K39: 1 | L39: 1 | M39: 27 | N39: 0 | O39: 0 | P39: 0.037037037 | Q39: — | R39: 0 | S39: 0 | T39: 0 | U39: — | V39: 0 | W39: 0 | X39: 0 | Y39: 4 | Z39: 1 | AA39: 1 | AB39: 0.25
A40: q044 | B40: Çok belge | C40: 1501 Uygulama Esaslarında proje süresi üst sınırı nedir ve 2026 yılı 2. çağrısına kaç aylık proje ile başvurulabilir? | D40: 2 | E40: 29 | F40: 0 | G40: 0 | H40: 0.034482759 | I40: 3 | J40: 0.5 | K40: 0.5 | L40: 0.33333333 | M40: 1 | N40: 0.5 | O40: 0.5 | P40: 1 | Q40: 1 | R40: 0.5 | S40: 0.5 | T40: 1 | U40: 1 | V40: 0.5 | W40: 0.5 | X40: 1 | Y40: 1 | Z40: 0.5 | AA40: 0.5 | AB40: 1
A41: q045 | B41: Çok belge | C41: 1501 ve 1507 programları arasında azami proje süresi açısından fark nedir? | D41: 2 | E41: — | F41: 0 | G41: 0 | H41: 0 | I41: — | J41: 0 | K41: 0 | L41: 0 | M41: — | N41: 0 | O41: 0 | P41: 0 | Q41: — | R41: 0 | S41: 0 | T41: 0 | U41: — | V41: 0 | W41: 0 | X41: 0 | Y41: 23 | Z41: 0 | AA41: 0 | AB41: 0.043478261
A42: q046 | B42: Çok belge | C42: 1501 projesinde çalışan Ar-Ge personelim 5746 sayılı Kanundaki gelir vergisi stopajı teşvikinden yararlanıyor. Bu teşvik tutarını TÜBİTAK'a personel maliyeti olarak beyan edebilir miyim? | D42: 2 | E42: 2 | F42: 0.5 | G42: 0.5 | H42: 0.5 | I42: 4 | J42: 0.5 | K42: 0.5 | L42: 0.25 | M42: 1 | N42: 0.5 | O42: 0.5 | P42: 1 | Q42: 1 | R42: 0.5 | S42: 0.5 | T42: 1 | U42: 1 | V42: 0.5 | W42: 0.5 | X42: 1 | Y42: 1 | Z42: 0.5 | AA42: 0.5 | AB42: 1
A43: q047 | B43: Çok belge | C43: Teknoparktaki yazılım kazançlarına tanınan vergi istisnası ile 5746 sayılı Kanun kapsamındaki destekler hangi tarihe kadar geçerli? | D43: 2 | E43: 5 | F43: 0.5 | G43: 0.5 | H43: 0.2 | I43: 1 | J43: 0.5 | K43: 0.5 | L43: 1 | M43: 7 | N43: 0 | O43: 0.5 | P43: 0.14285714 | Q43: 4 | R43: 0.5 | S43: 0.5 | T43: 0.25 | U43: 1 | V43: 0.5 | W43: 0.5 | X43: 1 | Y43: 1 | Z43: 0.5 | AA43: 0.5 | AB43: 1
A44: q048 | B44: Çok belge | C44: 1501 projemizde destek kapsamına itiraz etmek istiyoruz; ayrıca başka bir başvurumuz reddedildi. Bu iki itiraz için süreler nedir? | D44: 2 | E44: — | F44: 0 | G44: 0 | H44: 0 | I44: — | J44: 0 | K44: 0 | L44: 0 | M44: 3 | N44: 0.5 | O44: 0.5 | P44: 0.33333333 | Q44: 1 | R44: 0.5 | S44: 0.5 | T44: 1 | U44: 1 | V44: 0.5 | W44: 0.5 | X44: 1 | Y44: 1 | Z44: 0.5 | AA44: 0.5 | AB44: 1
A45: q049 | B45: Çok belge | C45: 1507 Uygulama Esaslarında azami proje bütçesi rakam olarak yazıyor mu? Güncel bütçe sınırı nedir? | D45: 2 | E45: 7 | F45: 0 | G45: 0.5 | H45: 0.14285714 | I45: 5 | J45: 0.5 | K45: 0.5 | L45: 0.2 | M45: 21 | N45: 0 | O45: 0 | P45: 0.047619048 | Q45: 15 | R45: 0 | S45: 0 | T45: 0.066666667 | U45: 1 | V45: 0.5 | W45: 1 | X45: 1 | Y45: 1 | Z45: 0.5 | AA45: 1 | AB45: 1
A46: q050 | B46: Çok belge | C46: Büyük ölçekli bir şirket 1505 projesinde müşteri kuruluş olabilir mi; olursa bütçenin ne kadarını TÜBİTAK karşılar? | D46: 2 | E46: 1 | F46: 0.5 | G46: 0.5 | H46: 1 | I46: 2 | J46: 0.5 | K46: 0.5 | L46: 0.5 | M46: 9 | N46: 0 | O46: 0.5 | P46: 0.11111111 | Q46: 4 | R46: 1 | S46: 1 | T46: 0.25 | U46: 1 | V46: 1 | W46: 1 | X46: 1 | Y46: 1 | Z46: 1 | AA46: 1 | AB46: 1
A47: q051 | B47: Çok belge | C47: 1001 projesinde bütçe üst limiti nedir ve buna ek olarak kurum hissesi ne kadar verilir? | D47: 2 | E47: 2 | F47: 0.5 | G47: 0.5 | H47: 0.5 | I47: 1 | J47: 0.5 | K47: 0.5 | L47: 1 | M47: 9 | N47: 0 | O47: 0.5 | P47: 0.11111111 | Q47: 2 | R47: 0.5 | S47: 0.5 | T47: 0.5 | U47: 1 | V47: 1 | W47: 1 | X47: 1 | Y47: 1 | Z47: 1 | AA47: 1 | AB47: 1
A48: q052 | B48: Çok belge | C48: Patent desteği için bireysel olarak yılda kaç başvuruda destek alabilirim ve ulusal patent başvuruları hâlâ destekleniyor mu? | D48: 2 | E48: 7 | F48: 0 | G48: 1 | H48: 0.14285714 | I48: 4 | J48: 1 | K48: 1 | L48: 0.25 | M48: 5 | N48: 0.5 | O48: 0.5 | P48: 0.2 | Q48: 5 | R48: 0.5 | S48: 0.5 | T48: 0.2 | U48: 2 | V48: 0.5 | W48: 0.5 | X48: 0.5 | Y48: 2 | Z48: 0.5 | AA48: 0.5 | AB48: 0.5
A49: q053 | B49: Çok belge | C49: 1004 Mükemmeliyet Merkezi programında KOBİ ortağa uygulanacak destek oranı ve araştırma programının azami süresi nedir? | D49: 2 | E49: 1 | F49: 0.5 | G49: 0.5 | H49: 1 | I49: 1 | J49: 0.5 | K49: 0.5 | L49: 1 | M49: 2 | N49: 0.5 | O49: 0.5 | P49: 0.5 | Q49: 2 | R49: 0.5 | S49: 1 | T49: 0.5 | U49: 3 | V49: 0.5 | W49: 1 | X49: 0.33333333 | Y49: 3 | Z49: 0.5 | AA49: 1 | AB49: 0.33333333
A50: q054 | B50: Çok belge | C50: 1501 ve 1507 2026-2 çağrılarına aynı anda başvurmak istiyoruz. Toplam kaç proje önerisi verebiliriz ve 1507'de destek oranı ne olur? | D50: 2 | E50: 1 | F50: 0.5 | G50: 0.5 | H50: 1 | I50: 2 | J50: 0.5 | K50: 0.5 | L50: 0.5 | M50: 2 | N50: 0.5 | O50: 0.5 | P50: 0.5 | Q50: 1 | R50: 0.5 | S50: 0.5 | T50: 1 | U50: 1 | V50: 0.5 | W50: 0.5 | X50: 1 | Y50: 1 | Z50: 0.5 | AA50: 0.5 | AB50: 1
A51: q055 | B51: Çok belge | C51: ARDEB projesinde süre uzatımı ne kadar yapılabilir, 1501 projesinde durum farklı mı? | D51: 2 | E51: — | F51: 0 | G51: 0 | H51: 0 | I51: — | J51: 0 | K51: 0 | L51: 0 | M51: 11 | N51: 0 | O51: 0 | P51: 0.090909091 | Q51: 4 | R51: 0.5 | S51: 0.5 | T51: 0.25 | U51: 3 | V51: 0.5 | W51: 0.5 | X51: 0.33333333 | Y51: 3 | Z51: 0.5 | AA51: 0.5 | AB51: 0.33333333
A52: q056 | B52: Çok belge | C52: 1002-A Hızlı Destek ile 1001 arasında proje süresi ve bütçe bakımından fark nedir? | D52: 3 | E52: 1 | F52: 0.33333333 | G52: 0.33333333 | H52: 1 | I52: 1 | J52: 1 | K52: 1 | L52: 1 | M52: 1 | N52: 0.33333333 | O52: 0.33333333 | P52: 1 | Q52: 1 | R52: 0.33333333 | S52: 0.33333333 | T52: 1 | U52: 1 | V52: 1 | W52: 1 | X52: 1 | Y52: 1 | Z52: 1 | AA52: 1 | AB52: 1
A53: q057 | B53: Çok belge | C53: 4004 projesinde yer alan bir öğrenci aynı çağrı döneminde 4005 projesine de katılımcı olabilir mi? 4005'te destek üst limiti nedir? | D53: 2 | E53: 8 | F53: 0 | G53: 0.5 | H53: 0.125 | I53: 1 | J53: 0.5 | K53: 0.5 | L53: 1 | M53: 7 | N53: 0 | O53: 0.5 | P53: 0.14285714 | Q53: 3 | R53: 0.5 | S53: 0.5 | T53: 0.33333333 | U53: 3 | V53: 1 | W53: 1 | X53: 0.33333333 | Y53: 3 | Z53: 1 | AA53: 1 | AB53: 0.33333333
A54: q058 | B54: Çok belge | C54: 2211 doktora bursiyeriyim; 1001 projesinde doktora bursiyeri olursam aylık burs ne kadar olur ve 2211 bursum en fazla kaç ay sürer? | D54: 2 | E54: 5 | F54: 0.5 | G54: 1 | H54: 0.2 | I54: 1 | J54: 1 | K54: 1 | L54: 1 | M54: 2 | N54: 0.5 | O54: 0.5 | P54: 0.5 | Q54: 2 | R54: 0.5 | S54: 1 | T54: 0.5 | U54: 1 | V54: 1 | W54: 1 | X54: 1 | Y54: 1 | Z54: 1 | AA54: 1 | AB54: 1
A55: q059 | B55: Sürüm | C55: 1707 Sipariş Ar-Ge çağrısında proje bütçesi üst sınırı ne kadar? | D55: 1 | E55: — | F55: 0 | G55: 0 | H55: 0 | I55: — | J55: 0 | K55: 0 | L55: 0 | M55: 4 | N55: 1 | O55: 1 | P55: 0.25 | Q55: 1 | R55: 1 | S55: 1 | T55: 1 | U55: 2 | V55: 1 | W55: 1 | X55: 0.5 | Y55: 2 | Z55: 1 | AA55: 1 | AB55: 0.5
A56: q060 | B56: Sürüm | C56: 1711 Yapay Zekâ Ekosistem çağrısında proje bütçesi en fazla ne kadar olabilir? | D56: 1 | E56: — | F56: 0 | G56: 0 | H56: 0 | I56: — | J56: 0 | K56: 0 | L56: 0 | M56: 1 | N56: 1 | O56: 1 | P56: 1 | Q56: 12 | R56: 0 | S56: 0 | T56: 0.083333333 | U56: 2 | V56: 1 | W56: 1 | X56: 0.5 | Y56: 2 | Z56: 1 | AA56: 1 | AB56: 0.5
A57: q061 | B57: Sürüm | C57: 5746 sayılı Ar-Ge Kanunu ne zamana kadar yürürlükte kalacak? Daha önce 2023'te bitmiyor muydu? | D57: 1 | E57: 5 | F57: 1 | G57: 1 | H57: 0.2 | I57: 1 | J57: 1 | K57: 1 | L57: 1 | M57: 8 | N57: 0 | O57: 1 | P57: 0.125 | Q57: 21 | R57: 0 | S57: 0 | T57: 0.047619048 | U57: 1 | V57: 1 | W57: 1 | X57: 1 | Y57: 1 | Z57: 1 | AA57: 1 | AB57: 1
A58: q062 | B58: Sürüm | C58: ARDEB İdari ve Mali Esaslarında kurum hissesine ilişkin son değişiklikler hangi projelerden itibaren uygulanıyor? | D58: 1 | E58: 12 | F58: 0 | G58: 0 | H58: 0.083333333 | I58: 1 | J58: 1 | K58: 1 | L58: 1 | M58: 4 | N58: 1 | O58: 1 | P58: 0.25 | Q58: 2 | R58: 1 | S58: 1 | T58: 0.5 | U58: 1 | V58: 1 | W58: 1 | X58: 1 | Y58: 1 | Z58: 1 | AA58: 1 | AB58: 1
A59: q063 | B59: Sürüm | C59: 1001 programında güncel proje bütçe üst limiti ne kadar? | D59: 1 | E59: 1 | F59: 1 | G59: 1 | H59: 1 | I59: 1 | J59: 1 | K59: 1 | L59: 1 | M59: 8 | N59: 0 | O59: 1 | P59: 0.125 | Q59: 1 | R59: 1 | S59: 1 | T59: 1 | U59: 1 | V59: 1 | W59: 1 | X59: 1 | Y59: 1 | Z59: 1 | AA59: 1 | AB59: 1
A60: q064 | B60: Sürüm | C60: ARDEB projelerinde doktora öğrencisi bursiyere güncel olarak ayda ne kadar burs ödeniyor? | D60: 2 | E60: — | F60: 0 | G60: 0 | H60: 0 | I60: — | J60: 0 | K60: 0 | L60: 0 | M60: — | N60: 0 | O60: 0 | P60: 0 | Q60: 18 | R60: 0 | S60: 0 | T60: 0.055555556 | U60: 5 | V60: 1 | W60: 1 | X60: 0.2 | Y60: 5 | Z60: 1 | AA60: 1 | AB60: 0.2
A61: q065 | B61: Sürüm | C61: 4006 bilim fuarı destek tutarları sabit mi, güncellenecek mi? | D61: 1 | E61: — | F61: 0 | G61: 0 | H61: 0 | I61: — | J61: 0 | K61: 0 | L61: 0 | M61: 1 | N61: 1 | O61: 1 | P61: 1 | Q61: 1 | R61: 1 | S61: 1 | T61: 1 | U61: 2 | V61: 1 | W61: 1 | X61: 0.5 | Y61: 2 | Z61: 1 | AA61: 1 | AB61: 0.5
A62: q066 | B62: Sürüm | C62: BiGG kapsamında girişim şirketine sağlanan destek miktarı ne kadar? Eski tabloda 900 bin TL görmüştüm. | D62: 1 | E62: 23 | F62: 0 | G62: 0 | H62: 0.043478261 | I62: 24 | J62: 0 | K62: 0 | L62: 0.041666667 | M62: 12 | N62: 0 | O62: 0 | P62: 0.083333333 | Q62: 5 | R62: 1 | S62: 1 | T62: 0.2 | U62: 9 | V62: 0 | W62: 1 | X62: 0.11111111 | Y62: 10 | Z62: 0 | AA62: 1 | AB62: 0.1
A63: q067 | B63: Sürüm | C63: 2224-A çağrı duyurusunun son halinde neler güncellendi? | D63: 2 | E63: 14 | F63: 0 | G63: 0 | H63: 0.071428571 | I63: 1 | J63: 1 | K63: 1 | L63: 1 | M63: 13 | N63: 0 | O63: 0 | P63: 0.076923077 | Q63: 29 | R63: 0 | S63: 0 | T63: 0.034482759 | U63: 8 | V63: 0 | W63: 1 | X63: 0.125 | Y63: 9 | Z63: 0 | AA63: 1 | AB63: 0.11111111
A64: q068 | B64: Sürüm | C64: 1501 2026 yılı 2. çağrısının son başvuru tarihi ne? | D64: 1 | E64: — | F64: 0 | G64: 0 | H64: 0 | I64: — | J64: 0 | K64: 0 | L64: 0 | M64: 1 | N64: 1 | O64: 1 | P64: 1 | Q64: 1 | R64: 1 | S64: 1 | T64: 1 | U64: 1 | V64: 1 | W64: 1 | X64: 1 | Y64: 1 | Z64: 1 | AA64: 1 | AB64: 1
A65: q069 | B65: Belirsiz | C65: TÜBİTAK projelerinde proje süresi en fazla kaç ay olabilir? | D65: 3 | E65: — | F65: 0 | G65: 0 | H65: 0 | I65: — | J65: 0 | K65: 0 | L65: 0 | M65: — | N65: 0 | O65: 0 | P65: 0 | Q65: — | R65: 0 | S65: 0 | T65: 0 | U65: — | V65: 0 | W65: 0 | X65: 0 | Y65: — | Z65: 0 | AA65: 0 | AB65: 0
A66: q070 | B66: Belirsiz | C66: Destek oranı yüzde kaç? | D66: 3 | E66: 25 | F66: 0 | G66: 0 | H66: 0.04 | I66: 12 | J66: 0 | K66: 0 | L66: 0.083333333 | M66: 10 | N66: 0 | O66: 0.33333333 | P66: 0.1 | Q66: 10 | R66: 0 | S66: 0.33333333 | T66: 0.1 | U66: 5 | V66: 0.33333333 | W66: 0.33333333 | X66: 0.2 | Y66: 6 | Z66: 0 | AA66: 0.33333333 | AB66: 0.16666667
A67: q071 | B67: Belirsiz | C67: Proje bütçesinin üst limiti ne kadar? | D67: 3 | E67: — | F67: 0 | G67: 0 | H67: 0 | I67: — | J67: 0 | K67: 0 | L67: 0 | M67: — | N67: 0 | O67: 0 | P67: 0 | Q67: — | R67: 0 | S67: 0 | T67: 0 | U67: — | V67: 0 | W67: 0 | X67: 0 | Y67: — | Z67: 0 | AA67: 0 | AB67: 0
A68: q072 | B68: Belirsiz | C68: Bilim ve toplum projelerinde destek üst limiti ne kadar? | D68: 2 | E68: 2 | F68: 0.5 | G68: 0.5 | H68: 0.5 | I68: 4 | J68: 0.5 | K68: 0.5 | L68: 0.25 | M68: 14 | N68: 0 | O68: 0 | P68: 0.071428571 | Q68: 7 | R68: 0 | S68: 0.5 | T68: 0.14285714 | U68: 3 | V68: 0.5 | W68: 0.5 | X68: 0.33333333 | Y68: 3 | Z68: 0.5 | AA68: 0.5 | AB68: 0.33333333
A69: q073 | B69: Belirsiz | C69: Başvurular ne zaman kapanıyor? | D69: 3 | E69: — | F69: 0 | G69: 0 | H69: 0 | I69: — | J69: 0 | K69: 0 | L69: 0 | M69: — | N69: 0 | O69: 0 | P69: 0 | Q69: — | R69: 0 | S69: 0 | T69: 0 | U69: — | V69: 0 | W69: 0 | X69: 0 | Y69: — | Z69: 0 | AA69: 0 | AB69: 0
A70: q074 | B70: Belirsiz | C70: Destek süresi uzatılabiliyor mu? | D70: 3 | E70: — | F70: 0 | G70: 0 | H70: 0 | I70: — | J70: 0 | K70: 0 | L70: 0 | M70: — | N70: 0 | O70: 0 | P70: 0 | Q70: — | R70: 0 | S70: 0 | T70: 0 | U70: — | V70: 0 | W70: 0 | X70: 0 | Y70: — | Z70: 0 | AA70: 0 | AB70: 0
A71: q075 | B71: Belirsiz | C71: Proje yürütücüsüne PTİ (proje teşvik ikramiyesi) ödeniyor mu? | D71: 2 | E71: 18 | F71: 0 | G71: 0 | H71: 0.055555556 | I71: 22 | J71: 0 | K71: 0 | L71: 0.045454545 | M71: — | N71: 0 | O71: 0 | P71: 0 | Q71: — | R71: 0 | S71: 0 | T71: 0 | U71: — | V71: 0 | W71: 0 | X71: 0 | Y71: — | Z71: 0 | AA71: 0 | AB71: 0
A72: q076 | B72: Belirsiz | C72: Bir kuruluş en fazla kaç proje önerisiyle başvurabilir? | D72: 2 | E72: 3 | F72: 0.5 | G72: 0.5 | H72: 0.33333333 | I72: 1 | J72: 0.5 | K72: 0.5 | L72: 1 | M72: 16 | N72: 0 | O72: 0 | P72: 0.0625 | Q72: — | R72: 0 | S72: 0 | T72: 0 | U72: — | V72: 0 | W72: 0 | X72: 0 | Y72: 4 | Z72: 0.5 | AA72: 0.5 | AB72: 0.25
A73: q077 | B73: Belirsiz | C73: Değerlendirmede geçme puanı kaç? | D73: 2 | E73: kapsam reddi | I73: kapsam reddi | M73: kapsam reddi | Q73: kapsam reddi | U73: kapsam reddi | Y73: kapsam reddi
A74: q079 | B74: Cevapsız | C74: 1507 programında 2027 yılı için belirlenen proje bütçesi üst limiti kaç TL? | D74: — | E74: ölçülmez | I74: ölçülmez | M74: ölçülmez | Q74: ölçülmez | U74: ölçülmez | Y74: ölçülmez
A75: q080 | B75: Cevapsız | C75: 1501 programının 2027 yılı 1. çağrısı hangi tarihte açılacak? | D75: — | E75: ölçülmez | I75: ölçülmez | M75: ölçülmez | Q75: ölçülmez | U75: ölçülmez | Y75: ölçülmez
A76: q081 | B76: Tek belge | C76: Teknopark personelinin bölge dışında geçirdiği süreler gelir vergisi stopajı teşvikinden ne ölçüde yararlanır? | D76: 1 | E76: 2 | F76: 1 | G76: 1 | H76: 0.5 | I76: 2 | J76: 1 | K76: 1 | L76: 0.5 | M76: 1 | N76: 1 | O76: 1 | P76: 1 | Q76: 1 | R76: 1 | S76: 1 | T76: 1 | U76: 15 | V76: 0 | W76: 0 | X76: 0.066666667 | Y76: 15 | Z76: 0 | AA76: 0 | AB76: 0.066666667
A77: q082 | B77: Cevapsız | C77: Ar-Ge Merkezleri Uygulama ve Denetim Yönetmeliği'ne göre Ar-Ge merkezi belgesi başvurusu kaç gün içinde sonuçlandırılır? | D77: — | E77: ölçülmez | I77: ölçülmez | M77: ölçülmez | Q77: ölçülmez | U77: ölçülmez | Y77: ölçülmez
A78: q083 | B78: Cevapsız | C78: 2211 Yurt İçi Doktora Bursu kapsamında ayda kaç TL burs ödeniyor? | D78: — | E78: ölçülmez | I78: ölçülmez | M78: ölçülmez | Q78: ölçülmez | U78: ölçülmez | Y78: ölçülmez
A79: q084 | B79: Cevapsız | C79: 2209-A Üniversite Öğrencileri Araştırma Projeleri programında öğrenci projesine en fazla ne kadar bütçe veriliyor? | D79: — | E79: ölçülmez | I79: ölçülmez | M79: ölçülmez | Q79: ölçülmez | U79: ölçülmez | Y79: ölçülmez
A80: q085 | B80: Cevapsız | C80: 121M345 numaralı 1001 projemin ara rapor değerlendirmesi ne durumda? | D80: — | E80: ölçülmez | I80: ölçülmez | M80: ölçülmez | Q80: ölçülmez | U80: ölçülmez | Y80: ölçülmez
A81: q086 | B81: Cevapsız | C81: 1719 Eureka Network çağrılarında proje bütçesi en fazla kaç avro olabilir? | D81: — | E81: ölçülmez | I81: ölçülmez | M81: ölçülmez | Q81: ölçülmez | U81: ölçülmez | Y81: ölçülmez
A82: q087 | B82: Cevapsız | C82: 2224-A ile Japonya'daki bir konferansa katılırsam destek üst limiti kaç TL olur? | D82: — | E82: ölçülmez | I82: ölçülmez | M82: ölçülmez | Q82: ölçülmez | U82: ölçülmez | Y82: ölçülmez
A83: q088 | B83: Cevapsız | C83: 2026 yılında 1001 programına yapılan başvuruların yüzde kaçı desteklendi? | D83: — | E83: ölçülmez | I83: ölçülmez | M83: ölçülmez | Q83: ölçülmez | U83: ölçülmez | Y83: ölçülmez
A84: q089 | B84: Cevapsız | C84: 1832 Sanayide Yeşil Dönüşüm çağrısının 2027-1 dönemi ne zaman açılacak? | D84: — | E84: ölçülmez | I84: ölçülmez | M84: ölçülmez | Q84: ölçülmez | U84: ölçülmez | Y84: ölçülmez
A85: q090 | B85: Cevapsız | C85: Ufuk Avrupa Marie Skłodowska-Curie doktora sonrası bursunda araştırmacıya aylık kaç avro ödeniyor? | D85: — | E85: ölçülmez | I85: ölçülmez | M85: ölçülmez | Q85: ölçülmez | U85: ölçülmez | Y85: ölçülmez
A86: q091 | B86: Cevapsız | C86: TÜBİTAK 1001 projelerinde 2026 yılı için proje yürütücüsüne ödenecek aylık PTİ üst sınırı kaç TL? | D86: — | E86: ölçülmez | I86: ölçülmez | M86: ölçülmez | Q86: ölçülmez | U86: ölçülmez | Y86: ölçülmez
A87: q092 | B87: Cevapsız | C87: 1515 Öncül Ar-Ge Laboratuvarları programında bugüne kadar kaç laboratuvar desteklendi? | D87: — | E87: ölçülmez | I87: ölçülmez | M87: ölçülmez | Q87: ölçülmez | U87: ölçülmez | Y87: ölçülmez
A88: q093 | B88: Cevapsız | C88: TÜBİTAK'ın 2027 yılı Ar-Ge destek bütçesi toplam kaç milyar TL olarak planlandı? | D88: — | E88: ölçülmez | I88: ölçülmez | M88: ölçülmez | Q88: ölçülmez | U88: ölçülmez | Y88: ölçülmez
... A99: q104 | B99: Cevapsız | C99: Teknoparkta ofis kiralarken metrekare başına aylık kira bedeli için yasal bir üst sınır var mı, varsa ne kadar? | D99: — | E99: ölçülmez | I99: ölçülmez | M99: ölçülmez | Q99: ölçülmez | U99: ölçülmez | Y99: ölçülmez
A100: q105 | B100: Tek belge | C100: TEYDEB projesinde bir faturayı dönem içinde ödeyemedim; ödemenin en geç ne zamana kadar bankadan yapılması gerekir? | D100: 1 | E100: 29 | F100: 0 | G100: 0 | H100: 0.034482759 | I100: 3 | J100: 1 | K100: 1 | L100: 0.33333333 | M100: 28 | N100: 0 | O100: 0 | P100: 0.035714286 | Q100: 3 | R100: 1 | S100: 1 | T100: 0.33333333 | U100: 2 | V100: 1 | W100: 1 | X100: 0.5 | Y100: 2 | Z100: 1 | AA100: 1 | AB100: 0.5
A101: q106 | B101: Tek belge | C101: 1501/1507 başvurusunda proje adını İngilizce ya da kısaltma olarak yazabilir miyim? | D101: 1 | E101: — | F101: 0 | G101: 0 | H101: 0 | I101: — | J101: 0 | K101: 0 | L101: 0 | M101: — | N101: 0 | O101: 0 | P101: 0 | Q101: — | R101: 0 | S101: 0 | T101: 0 | U101: — | V101: 0 | W101: 0 | X101: 0 | Y101: — | Z101: 0 | AA101: 0 | AB101: 0
A102: q107 | B102: Tek belge | C102: Şirketimizde imza yetkilisi değişti; TEYDEB sisteminde kuruluş yetkilisini güncellemek için hangi belgeyi göndermeliyiz? | D102: 1 | E102: 2 | F102: 1 | G102: 1 | H102: 0.5 | I102: 1 | J102: 1 | K102: 1 | L102: 1 | M102: 1 | N102: 1 | O102: 1 | P102: 1 | Q102: 1 | R102: 1 | S102: 1 | T102: 1 | U102: 1 | V102: 1 | W102: 1 | X102: 1 | Y102: 1 | Z102: 1 | AA102: 1 | AB102: 1
A103: q108 | B103: Tek belge | C103: 4007 kapsamında bilim festivali düzenleyeceğiz; toplam katılımcı sayısı en az kaç kişi olmalı? | D103: 2 | E103: 23 | F103: 0 | G103: 0 | H103: 0.043478261 | I103: 3 | J103: 1 | K103: 1 | L103: 0.33333333 | M103: 1 | N103: 1 | O103: 1 | P103: 1 | Q103: 2 | R103: 1 | S103: 1 | T103: 0.5 | U103: 1 | V103: 1 | W103: 1 | X103: 1 | Y103: 1 | Z103: 1 | AA103: 1 | AB103: 1
A104: q109 | B104: Tek belge | C104: Yenilik Destek Programı çağrılarında (ör. 1707, 1711) destek süresi uzatmalarla birlikte en fazla ne kadar olabilir? | D104: 1 | E104: 16 | F104: 0 | G104: 0 | H104: 0.0625 | I104: 1 | J104: 1 | K104: 1 | L104: 1 | M104: 5 | N104: 1 | O104: 1 | P104: 0.2 | Q104: 11 | R104: 0 | S104: 0 | T104: 0.090909091 | U104: 1 | V104: 1 | W104: 1 | X104: 1 | Y104: 1 | Z104: 1 | AA104: 1 | AB104: 1
A105: q110 | B105: Tek belge | C105: Yenilik Destek Programı projesinde bursiyerim; aynı anda TÜBİTAK'ın başka bir programından da burs alabilir miyim? | D105: 1 | E105: 2 | F105: 1 | G105: 1 | H105: 0.5 | I105: 3 | J105: 1 | K105: 1 | L105: 0.33333333 | M105: 1 | N105: 1 | O105: 1 | P105: 1 | Q105: 3 | R105: 1 | S105: 1 | T105: 0.33333333 | U105: 1 | V105: 1 | W105: 1 | X105: 1 | Y105: 1 | Z105: 1 | AA105: 1 | AB105: 1
A106: q111 | B106: Belirsiz | C106: Başvuruyu ortaklı yapmak zorunlu mu? | D106: 3 | E106: — | F106: 0 | G106: 0 | H106: 0 | I106: — | J106: 0 | K106: 0 | L106: 0 | M106: — | N106: 0 | O106: 0 | P106: 0 | Q106: 7 | R106: 0 | S106: 0.33333333 | T106: 0.14285714 | U106: 11 | V106: 0 | W106: 0 | X106: 0.090909091 | Y106: 16 | Z106: 0 | AA106: 0 | AB106: 0.0625
A108: Ortalama (ölçülen sorular) | E108: — | F108: =AVERAGE(F3:F106) -> 0.28354978 | G108: =AVERAGE(G3:G106) -> 0.35497835 | H108: =AVERAGE(H3:H106) -> 0.24108916 | I108: — | J108: =AVERAGE(J3:J106) -> 0.48701299 | K108: =AVERAGE(K3:K106) -> 0.51298701 | L108: =AVERAGE(L3:L106) -> 0.40125513 | M108: — | N108: =AVERAGE(N3:N106) -> 0.43939394 | O108: =AVERAGE(O3:O106) -> 0.55411255 | P108: =AVERAGE(P3:P106) -> 0.41898959 | Q108: — | R108: =AVERAGE(R3:R106) -> 0.54329004 | S108: =AVERAGE(S3:S106) -> 0.61688312 | T108: =AVERAGE(T3:T106) -> 0.47705432 | U108: — | V108: =AVERAGE(V3:V106) -> 0.6991342 | W108: =AVERAGE(W3:W106) -> 0.75108225 | X108: =AVERAGE(X3:X106) -> 0.61247212 | Y108: — | Z108: =AVERAGE(Z3:Z106) -> 0.72727273 | AA108: =AVERAGE(AA3:AA106) -> 0.78354978 | AB108: =AVERAGE(AB3:AB106) -> 0.62273276
A109: Ölçülen soru sayısı | E109: =COUNT(F3:F106) -> 77 | I109: =COUNT(J3:J106) -> 77 | M109: =COUNT(N3:N106) -> 77 | Q109: =COUNT(R3:R106) -> 77 | U109: =COUNT(V3:V106) -> 77 | Y109: =COUNT(Z3:Z106) -> 77
A111: İlk isabet sırası: kanıt alıntılarından herhangi birini tam içeren ilk parçanın 30 aday içindeki sırası. Yeşil 1–5 (dil modeline giden parçalar), sarı 6–10, turuncu 11–30, kırmızı "—" = 30 adayda hiç yok.
A112: R@5 / R@10: o sorunun alıntılarından ilk 5 / 10 parçada bulunanların oranı (2 alıntıdan 1'i bulunduysa 0,50).
...

Sheet Cevap Sonuçları
A1: ID | B1: Tür | C1: Soru | D1: Beklenen davranış | E1: v0 – sabit pencere (512/64), dense arama | I1: v0r – sabit pencere (512/64), dense arama + reranker | M1: v1 – yapı bazlı parçalama + bağlam başlığı, dense arama | Q1: v2 – yapı bazlı parçalama + bağlam başlığı, hibrit arama (BM25 + dense, RRF) | U1: v3 – yapı bazlı parçalama + bağlam başlığı, hibrit arama (BM25 + dense, RRF) + reranker | Y1: v3b – v3 ile aynı, embedding modeli bge-m3 | AC1: Claude notu – v3 | AD1: Claude notu – v3b
E2: Sistem durumu | F2: Claude kararı | G2: Kaynağa sadık | H2: Beklenen sayılar cevapta | I2: Sistem durumu | J2: Claude kararı | K2: Kaynağa sadık | L2: Beklenen sayılar cevapta | M2: Sistem durumu | N2: Claude kararı | O2: Kaynağa sadık | P2: Beklenen sayılar cevapta | Q2: Sistem durumu | R2: Claude kararı | S2: Kaynağa sadık | T2: Beklenen sayılar cevapta | U2: Sistem durumu | V2: Claude kararı | W2: Kaynağa sadık | X2: Beklenen sayılar cevapta | Y2: Sistem durumu | Z2: Claude kararı | AA2: Kaynağa sadık | AB2: Beklenen sayılar cevapta
A3: q001 | B3: Tek belge | C3: KOBİ olarak 1507 programından proje desteği alırsam TÜBİTAK harcamalarımın en fazla yüzde kaçını karşılar? | D3: Cevap | E3: Cevaplandı | F3: Doğru cevap | G3: Evet | H3: Evet | I3: Cevaplandı | J3: Doğru cevap | K3: Evet | L3: Evet | M3: Cevaplandı | N3: Doğru cevap | O3: Evet | P3: Evet | Q3: Cevaplandı | R3: Doğru cevap | S3: Evet | T3: Evet | U3: Cevaplandı | V3: Doğru cevap | W3: Evet | X3: Evet | Y3: Cevaplandı | Z3: Doğru cevap | AA3: Evet | AB3: Evet
A4: q002 | B4: Çok belge | C4: Büyük ölçekli bir firmayız; 1501 programından hangi destek oranıyla yararlanabiliriz? | D4: Cevap | E4: Cevaplandı | F4: Yanlış cevap | G4: Kararsız | H4: Hayır | I4: Cevaplandı | J4: Yanlış cevap | K4: Evet | L4: Hayır | M4: Cevaplandı | N4: Yanlış cevap | O4: Hayır | P4: Hayır | Q4: Cevaplandı | R4: Yanlış cevap | S4: Evet | T4: Hayır | U4: Cevaplandı | V4: Yanlış cevap | W4: Evet | X4: Hayır | Y4: Cevaplandı | Z4: Yanlış cevap | AA4: Evet | AB4: Hayır | AC4: 2026-2 çağrısına büyük firmanın başvuramayacağı bilgisi eksik | AD4: 2026-2 çağrısına büyük firmanın başvuramayacağı bilgisi eksik
A5: q003 | B5: Tek belge | C5: 1501 projesinde doktoralı bir personelin aylık maliyeti beyan edilirken brüt asgari ücretin kaç katıyla sınırlandırılır? Lisans mezunu için durum nedir? | D5: Cevap | E5: Cevaplandı | F5: Yanlış cevap | G5: Hayır | H5: Hayır | I5: Cevaplandı | J5: Yanlış cevap | K5: Hayır | L5: Hayır | M5: Cevaplandı | N5: Doğru cevap | O5: Evet | P5: Evet | Q5: Cevaplandı | R5: Doğru cevap | S5: Evet | T5: Evet | U5: Cevaplandı | V5: Yanlış cevap | W5: Hayır | X5: Hayır | Y5: Cevaplandı | Z5: Yanlış cevap | AA5: Hayır | AB5: Hayır | AC5: 1501'de lisans için 8 kat; 10/6 kat başka programdan aktarılmış | AD5: 1501'de lisans için 8 kat; 10/6 kat başka programdan aktarılmış
A6: q004 | B6: Tek belge | C6: 1501 projesi için aldığımız kalıp seri üretimde de kullanılacak. Bu kalıbın maliyeti desteğe nasıl dahil edilir? | D6: Cevap | E6: Cevaplandı | F6: Yanlış cevap | G6: Hayır | H6: Hayır | I6: Cevaplandı | J6: Yanlış cevap | K6: Kararsız | L6: Evet | M6: Cevaplandı | N6: Doğru cevap | O6: Kararsız | P6: Evet | Q6: Cevaplandı | R6: Doğru cevap | S6: Evet | T6: Evet | U6: Cevaplandı | V6: Doğru cevap | W6: Evet | X6: Evet | Y6: Cevaplandı | Z6: Doğru cevap | AA6: Evet | AB6: Evet
A7: q005 | B7: Tek belge | C7: 1501'de dönem raporunu (AGY300) son tarihten sonra gönderirsem ne olur, kesinti var mı? | D7: Cevap | E7: Cevaplandı | F7: Yanlış cevap | G7: Kararsız | H7: Evet | I7: Cevaplandı | J7: Yanlış cevap | K7: Evet | L7: Hayır | M7: Cevaplandı | N7: Yanlış cevap | O7: Hayır | P7: Evet | Q7: Cevaplandı | R7: Yanlış cevap | S7: Hayır | T7: Evet | U7: Cevaplandı | V7: Yanlış cevap | W7: Hayır | X7: Evet | Y7: Cevaplandı | Z7: Yanlış cevap | AA7: Hayır | AB7: Evet | AC7: Günlük %1 kesinti eksik; kaynak %30 kesintiyi desteklemiyor | AD7: Günlük %1 kesinti eksik; kaynak %30 kesintiyi desteklemiyor
A8: q006 | B8: Tek belge | C8: 1507 KOBİ Ar-Ge Başlangıç programında bir firmanın kaç projesi desteklenebiliyor? | D8: Cevap | E8: Cevaplandı | F8: Doğru cevap | G8: Evet | H8: Evet | I8: Cevaplandı | J8: Doğru cevap | K8: Evet | L8: Evet | M8: Cevaplandı | N8: Doğru cevap | O8: Evet | P8: Evet | Q8: Cevaplandı | R8: Doğru cevap | S8: Evet | T8: Evet | U8: Cevaplandı | V8: Doğru cevap | W8: Evet | X8: Evet | Y8: Cevaplandı | Z8: Doğru cevap | AA8: Evet | AB8: Evet
A9: q007 | B9: Tek belge | C9: 1509 uluslararası projemizde yurt dışından danışmanlık ve hizmet almayı planlıyoruz. Bunun bir sınırı var mı? | D9: Cevap | E9: Cevaplandı | F9: Yanlış cevap | G9: Hayır | H9: Hayır | I9: Cevaplandı | J9: Doğru cevap | K9: Hayır | L9: Evet | M9: Cevaplandı | N9: Doğru cevap | O9: Evet | P9: Evet | Q9: Cevaplandı | R9: Doğru cevap | S9: Evet | T9: Evet | U9: Cevaplandı | V9: Doğru cevap | W9: Hayır | X9: Evet | Y9: Cevaplandı | Z9: Doğru cevap | AA9: Hayır | AB9: Evet | AC9: %50'ye artırma Yenilik Destek Yönergesinden, 1509 için değil | AD9: %50'ye artırma Yenilik Destek Yönergesinden, 1509 için değil
A10: q009 | B10: Tek belge | C10: 1511 projesinde aynı personel için bir ay içinde TÜBİTAK'a kaç günlük maliyet beyan edebilirim? | D10: Cevap | E10: Cevaplandı | F10: Doğru cevap | G10: Evet | H10: Evet | I10: Cevaplandı | J10: Doğru cevap | K10: Evet | L10: Evet | M10: Cevaplandı | N10: Doğru cevap | O10: Evet | P10: Evet | Q10: Cevaplandı | R10: Doğru cevap | S10: Evet | T10: Evet | U10: Cevaplandı | V10: Doğru cevap | W10: Evet | X10: Evet | Y10: Cevaplandı | Z10: Doğru cevap | AA10: Evet | AB10: Evet
A11: q010 | B11: Tek belge | C11: 1512 Girişimcilik Destek Programında Aşama 2 iş planı faaliyetleri en fazla ne kadar sürebilir? | D11: Cevap | E11: Cevaplandı | F11: Yanlış cevap | G11: Hayır | H11: Hayır | I11: Cevaplandı | J11: Doğru cevap | K11: Kararsız | L11: Evet | M11: Cevaplandı | N11: Doğru cevap | O11: Evet | P11: Evet | Q11: Cevaplandı | R11: Doğru cevap | S11: Evet | T11: Evet | U11: Cevaplandı | V11: Doğru cevap | W11: Evet | X11: Evet | Y11: Cevaplandı | Z11: Doğru cevap | AA11: Evet | AB11: Evet
A12: q011 | B12: Tek belge | C12: BiGG Yatırım 2026-2 çağrısında TÜBİTAK BİGG Fonu girişim şirketine ne kadar yatırım yapıyor ve karşılığında kaç hisse alıyor? | D12: Cevap | E12: Cevaplandı | F12: Yanlış cevap | G12: Evet | H12: Hayır | I12: Cevaplandı | J12: Yanlış cevap | K12: Hayır | L12: Hayır | M12: Cevaplandı | N12: Doğru cevap | O12: Evet | P12: Evet | Q12: Cevaplandı | R12: Doğru cevap | S12: Evet | T12: Evet | U12: Cevaplandı | V12: Yanlış cevap | W12: Evet | X12: Hayır | Y12: Cevaplandı | Z12: Yanlış cevap | AA12: Evet | AB12: Hayır | AC12: Güncel tutar 1.350.000 TL; eski SSS değeri 900.000 verilmiş | AD12: Güncel tutar 1.350.000 TL; eski SSS değeri 900.000 verilmiş
A13: q012 | B13: Tek belge | C13: BiGG Yatırım hızlandırma programına kabul edilmek için iş fikrimin değerlendirmede kaç puan alması gerekiyor? | D13: Cevap | E13: Ret: kapsam dışı | F13: Gereksiz ret (üretim) | H13: Hayır | I13: Ret: kapsam dışı | J13: Gereksiz ret (üretim) | L13: Hayır | M13: Ret: kapsam dışı | N13: Gereksiz ret (üretim) | P13: Hayır | Q13: Ret: kapsam dışı | R13: Gereksiz ret (üretim) | T13: Hayır | U13: Ret: kapsam dışı | V13: Gereksiz ret (üretim) | X13: Hayır | Y13: Ret: kapsam dışı | Z13: Gereksiz ret (üretim) | AB13: Hayır | AC13: Kapsam filtresi alan içi soruyu reddetti; kaynak getirilmedi | AD13: Kapsam filtresi alan içi soruyu reddetti; kaynak getirilmedi
A14: q014 | B14: Tek belge | C14: Sipariş Ar-Ge (1707) 2026-3 çağrısında proje süresi uzatılırsa 24 ayı geçebilir mi? | D14: Cevap | E14: Cevaplandı | F14: Yanlış cevap | G14: Hayır | H14: Evet | I14: Cevaplandı | J14: Doğru cevap | K14: Kararsız | L14: Evet | M14: Cevaplandı | N14: Doğru cevap | O14: Evet | P14: Evet | Q14: Cevaplandı | R14: Doğru cevap | S14: Evet | T14: Evet | U14: Cevaplandı | V14: Doğru cevap | W14: Evet | X14: Evet | Y14: Cevaplandı | Z14: Doğru cevap | AA14: Evet | AB14: Evet
A15: q015 | B15: Tek belge | C15: Eurostars (1709) 2026/2 ulusal çağrısında Türk ortağın proje bütçesi en fazla ne kadar olabilir? | D15: Cevap | E15: Cevaplandı | F15: Doğru cevap | G15: Kararsız | H15: Evet | I15: Cevaplandı | J15: Doğru cevap | K15: Kararsız | L15: Evet | M15: Cevaplandı | N15: Doğru cevap | O15: Evet | P15: Evet | Q15: Cevaplandı | R15: Doğru cevap | S15: Evet | T15: Evet | U15: Cevaplandı | V15: Doğru cevap | W15: Evet | X15: Evet | Y15: Cevaplandı | Z15: Doğru cevap | AA15: Evet | AB15: Evet
A16: q017 | B16: Tek belge | C16: 1001 projemde aynı anda kaç lisans öğrencisini bursiyer olarak çalıştırabilirim? | D16: Cevap | E16: Cevaplandı | F16: Doğru cevap | G16: Evet | H16: Evet | I16: Cevaplandı | J16: Yanlış cevap | K16: Hayır | L16: Hayır | M16: Cevaplandı | N16: Doğru cevap | O16: Evet | P16: Evet | Q16: Cevaplandı | R16: Doğru cevap | S16: Evet | T16: Evet | U16: Cevaplandı | V16: Doğru cevap | W16: Evet | X16: Evet | Y16: Cevaplandı | Z16: Doğru cevap | AA16: Evet | AB16: Evet
A17: q018 | B17: Tek belge | C17: Özel bir şirkette çalışıyorum; 1001 projesine yürütücü olarak başvurabilmem için şirkette ne kadar süredir çalışıyor olmam gerekir? | D17: Cevap | E17: Ret: atıfsız cevap | F17: Gereksiz ret (üretim) | H17: Hayır | I17: Cevaplandı | J17: Doğru cevap | K17: Evet | L17: Evet | M17: Cevaplandı | N17: Yanlış cevap | O17: Hayır | P17: Hayır | Q17: Cevaplandı | R17: Doğru cevap | S17: Evet | T17: Evet | U17: Cevaplandı | V17: Doğru cevap | W17: Evet | X17: Evet | Y17: Cevaplandı | Z17: Doğru cevap | AA17: Evet | AB17: Evet
A18: q019 | B18: Tek belge | C18: 1002-B Acil Destek Modülünde proje süresi ve bütçe sınırı nedir? | D18: Cevap | E18: Cevaplandı | F18: Doğru cevap | G18: Evet | H18: Evet | I18: Cevaplandı | J18: Doğru cevap | K18: Evet | L18: Evet | M18: Cevaplandı | N18: Yanlış cevap | O18: Kararsız | P18: Hayır | Q18: Cevaplandı | R18: Yanlış cevap | S18: Kararsız | T18: Hayır | U18: Cevaplandı | V18: Doğru cevap | W18: Evet | X18: Evet | Y18: Cevaplandı | Z18: Doğru cevap | AA18: Evet | AB18: Evet
A19: q020 | B19: Tek belge | C19: 1003 Öncelikli Alanlar Ar-Ge projeleri en fazla kaç ay sürebilir? | D19: Cevap | E19: Cevaplandı | F19: Doğru cevap | G19: Evet | H19: Evet | I19: Cevaplandı | J19: Doğru cevap | K19: Evet | L19: Evet | M19: Cevaplandı | N19: Doğru cevap | O19: Evet | P19: Evet | Q19: Cevaplandı | R19: Doğru cevap | S19: Evet | T19: Evet | U19: Cevaplandı | V19: Doğru cevap | W19: Evet | X19: Evet | Y19: Cevaplandı | Z19: Doğru cevap | AA19: Evet | AB19: Evet
A20: q021 | B20: Tek belge | C20: 1004 Mükemmeliyet Merkezi programında faaliyetlerin hangi Teknoloji Hazırlık Seviyesinde olması bekleniyor? | D20: Cevap | E20: Cevaplandı | F20: Yanlış cevap | G20: Hayır | H20: Hayır | I20: Cevaplandı | J20: Yanlış cevap | K20: Hayır | L20: Hayır | M20: Cevaplandı | N20: Yanlış cevap | O20: Evet | P20: Hayır | Q20: Cevaplandı | R20: Yanlış cevap | S20: Evet | T20: Hayır | U20: Cevaplandı | V20: Doğru cevap | W20: Evet | X20: Hayır | Y20: Cevaplandı | Z20: Doğru cevap | AA20: Evet | AB20: Hayır
A21: q022 | B21: Tek belge | C21: 1005 Ulusal Yeni Fikirler ve Ürünler programında bütçe üst limiti ne kadar? | D21: Cevap | E21: Cevaplandı | F21: Doğru cevap | G21: Evet | H21: Evet | I21: Cevaplandı | J21: Doğru cevap | K21: Evet | L21: Evet | M21: Cevaplandı | N21: Doğru cevap | O21: Evet | P21: Evet | Q21: Cevaplandı | R21: Doğru cevap | S21: Evet | T21: Evet | U21: Cevaplandı | V21: Doğru cevap | W21: Evet | X21: Evet | Y21: Cevaplandı | Z21: Doğru cevap | AA21: Evet | AB21: Evet
A22: q023 | B22: Tek belge | C22: 1007 programında fizibilite projesi nedir, süresi ne kadar olabilir? | D22: Cevap | E22: Cevaplandı | F22: Yanlış cevap | G22: Hayır | H22: Evet | I22: Cevaplandı | J22: Doğru cevap | K22: Kararsız | L22: Evet | M22: Cevaplandı | N22: Yanlış cevap | O22: Kararsız | P22: Hayır | Q22: Ret: geçersiz atıf | R22: Gereksiz ret (belirsiz) | T22: Hayır | U22: Cevaplandı | V22: Doğru cevap | W22: Evet | X22: Evet | Y22: Cevaplandı | Z22: Doğru cevap | AA22: Evet | AB22: Evet
A23: q024 | B23: Tek belge | C23: 3001 Başlangıç Ar-Ge projeleri en fazla kaç ay desteklenir? | D23: Cevap | E23: Cevaplandı | F23: Yanlış cevap | G23: Hayır | H23: Hayır | I23: Cevaplandı | J23: Yanlış cevap | K23: Hayır | L23: Hayır | M23: Cevaplandı | N23: Doğru cevap | O23: Evet | P23: Evet | Q23: Cevaplandı | R23: Doğru cevap | S23: Evet | T23: Evet | U23: Cevaplandı | V23: Doğru cevap | W23: Evet | X23: Evet | Y23: Cevaplandı | Z23: Doğru cevap | AA23: Evet | AB23: Evet
A24: q025 | B24: Tek belge | C24: 3501 Kariyer Geliştirme programına doktoramı bitirdikten kaç yıl sonrasına kadar başvurabilirim? | D24: Cevap | E24: Cevaplandı | F24: Doğru cevap | G24: Evet | H24: Evet | I24: Cevaplandı | J24: Doğru cevap | K24: Evet | L24: Evet | M24: Cevaplandı | N24: Yanlış cevap | O24: Hayır | P24: Evet | Q24: Cevaplandı | R24: Yanlış cevap | S24: Hayır | T24: Evet | U24: Cevaplandı | V24: Doğru cevap | W24: Evet | X24: Evet | Y24: Cevaplandı | Z24: Doğru cevap | AA24: Evet | AB24: Evet
A25: q026 | B25: Tek belge | C25: 2211 Yurt İçi Doktora Burs Programında burs en fazla kaç ay ödenir? | D25: Cevap | E25: Cevaplandı | F25: Doğru cevap | G25: Kararsız | H25: Hayır | I25: Cevaplandı | J25: Doğru cevap | K25: Kararsız | L25: Hayır | M25: Cevaplandı | N25: Yanlış cevap | O25: Evet | P25: Hayır | Q25: Cevaplandı | R25: Yanlış cevap | S25: Evet | T25: Hayır | U25: Cevaplandı | V25: Yanlış cevap | W25: Evet | X25: Hayır | Y25: Cevaplandı | Z25: Yanlış cevap | AA25: Evet | AB25: Hayır | AC25: Bütünleşik doktora için 60 ay bilgisi eksik | AD25: Bütünleşik doktora için 60 ay bilgisi eksik
A26: q027 | B26: Tek belge | C26: 2213 Yurt Dışı Lisansüstü Burs Programında yurt dışında toplam ne kadar süre burs alınabilir? | D26: Cevap | E26: Cevaplandı | F26: Doğru cevap | G26: Kararsız | H26: Evet | I26: Cevaplandı | J26: Doğru cevap | K26: Kararsız | L26: Evet | M26: Cevaplandı | N26: Doğru cevap | O26: Evet | P26: Evet | Q26: Cevaplandı | R26: Doğru cevap | S26: Evet | T26: Evet | U26: Ret: atıfsız cevap | V26: Gereksiz ret (belirsiz) | X26: Hayır | Y26: Ret: atıfsız cevap | Z26: Gereksiz ret (belirsiz) | AB26: Hayır | AC26: Madde 18 kesik; 24 ay süre kesilen kısımda olabilir | AD26: Madde 18 kesik; 24 ay süre kesilen kısımda olabilir
A27: q028 | B27: Tek belge | C27: 2224-A desteğinden aynı yıl içinde ikinci kez yararlanabilir miyim? | D27: Cevap | E27: Cevaplandı | F27: Doğru cevap | G27: Kararsız | I27: Cevaplandı | J27: Doğru cevap | K27: Hayır | M27: Cevaplandı | N27: Doğru cevap | O27: Kararsız | Q27: Cevaplandı | R27: Yanlış cevap | S27: Hayır | U27: Cevaplandı | V27: Yanlış cevap | W27: Hayır | Y27: Cevaplandı | Z27: Yanlış cevap | AA27: Hayır | AC27: Yanlış: 4001 kuralı (yılda 2 kez) 2224-A'ya uygulanmış | AD27: Çelişkili: 'Hayır' deyip 4001'in yılda 2 kez kuralını aktarıyor
A28: q029 | B28: Tek belge | C28: 2224-A ile konferansa katıldıktan sonra izleme belgelerini ne kadar süre içinde sisteme yüklemem gerekiyor? | D28: Cevap | E28: Ret: dayanaksız sayı | F28: Gereksiz ret (belirsiz) | H28: Hayır | I28: Cevaplandı | J28: Doğru cevap | K28: Hayır | L28: Hayır | M28: Cevaplandı | N28: Doğru cevap | O28: Evet | P28: Hayır | Q28: Cevaplandı | R28: Doğru cevap | S28: Evet | T28: Hayır | U28: Cevaplandı | V28: Doğru cevap | W28: Evet | X28: Hayır | Y28: Cevaplandı | Z28: Doğru cevap | AA28: Evet | AB28: Hayır
A29: q031 | B29: Tek belge | C29: 4007 kapsamında büyük ölçekli bilim festivali düzenlersek ne kadar destek alabiliriz? | D29: Cevap | E29: Cevaplandı | F29: Doğru cevap | G29: Evet | H29: Evet | I29: Cevaplandı | J29: Doğru cevap | K29: Evet | L29: Evet | M29: Cevaplandı | N29: Doğru cevap | O29: Evet | P29: Evet | Q29: Cevaplandı | R29: Doğru cevap | S29: Evet | T29: Evet | U29: Cevaplandı | V29: Doğru cevap | W29: Evet | X29: Evet | Y29: Cevaplandı | Z29: Doğru cevap | AA29: Evet | AB29: Evet
A30: q032 | B30: Tek belge | C30: 4006-A bilim fuarında 20 alt proje sergilenecekse okulumuza toplam ne kadar destek ödenir? | D30: Cevap | E30: Cevaplandı | F30: Yanlış cevap | G30: Hayır | H30: Hayır | I30: Cevaplandı | J30: Yanlış cevap | K30: Hayır | L30: Hayır | M30: Ret: dayanaksız sayı | N30: Gereksiz ret (üretim) | P30: Hayır | Q30: Cevaplandı | R30: Doğru cevap | S30: Evet | T30: Evet | U30: Cevaplandı | V30: Doğru cevap | W30: Evet | X30: Evet | Y30: Cevaplandı | Z30: Doğru cevap | AA30: Evet | AB30: Evet
A31: q033 | B31: Tek belge | C31: 4008 projesinde her bir etkinlik dönemi en az kaç gün olmalı? | D31: Cevap | E31: Cevaplandı | F31: Doğru cevap | G31: Evet | H31: Evet | I31: Cevaplandı | J31: Doğru cevap | K31: Evet | L31: Evet | M31: Cevaplandı | N31: Yanlış cevap | O31: Hayır | P31: Hayır | Q31: Cevaplandı | R31: Doğru cevap | S31: Evet | T31: Evet | U31: Cevaplandı | V31: Doğru cevap | W31: Evet | X31: Evet | Y31: Cevaplandı | Z31: Doğru cevap | AA31: Evet | AB31: Evet
A32: q035 | B32: Tek belge | C32: Kurum hissesinden bursiyer ödemesi veya PTİ ödemesi yapabilir miyiz? | D32: Cevap | E32: Cevaplandı | F32: Doğru cevap | G32: Evet | I32: Cevaplandı | J32: Doğru cevap | K32: Evet | M32: Ret: geçersiz atıf | N32: Gereksiz ret (belirsiz) | Q32: Cevaplandı | R32: Doğru cevap | S32: Evet | U32: Cevaplandı | V32: Doğru cevap | W32: Evet | Y32: Cevaplandı | Z32: Doğru cevap | AA32: Evet
A33: q036 | B33: Tek belge | C33: TÜBİTAK başvurumun reddine itiraz etmek için kaç günüm var? | D33: Cevap | E33: Cevaplandı | F33: Yanlış cevap | G33: Evet | H33: Hayır | I33: Cevaplandı | J33: Doğru cevap | K33: Hayır | L33: Evet | M33: Cevaplandı | N33: Yanlış cevap | O33: Hayır | P33: Evet | Q33: Cevaplandı | R33: Yanlış cevap | S33: Evet | T33: Evet | U33: Cevaplandı | V33: Doğru cevap | W33: Evet | X33: Evet | Y33: Cevaplandı | Z33: Doğru cevap | AA33: Hayır | AB33: Evet | AD33: Kaynak Komisyon karar süresini veriyor, itiraz süresini değil
A34: q037 | B34: Tek belge | C34: ARDEB panel değerlendirmesinde bir panelde kaç panelist bulunur ve en fazla kaç öneri görüşülür? | D34: Cevap | E34: Cevaplandı | F34: Yanlış cevap | G34: Hayır | H34: Hayır | I34: Cevaplandı | J34: Doğru cevap | K34: Kararsız | L34: Evet | M34: Cevaplandı | N34: Yanlış cevap | O34: Hayır | P34: Hayır | Q34: Cevaplandı | R34: Yanlış cevap | S34: Evet | T34: Hayır | U34: Cevaplandı | V34: Yanlış cevap | W34: Hayır | X34: Hayır | Y34: Ret: dayanaksız sayı | Z34: Gereksiz ret (üretim) | AB34: Hayır | AC34: Doğrusu 5-9 panelist, en çok 10 öneri; 3/7 ARDEB kaynağı değil | AD34: K2'de beş-dokuz panelist, on öneri yazıyla var; sayı kontrolü reddetti
A35: q038 | B35: Tek belge | C35: Teknoparkta yönetici şirketin kurucuları arasında kimlerin bulunması zorunludur? | D35: Cevap | E35: Cevaplandı | F35: Doğru cevap | G35: Evet | I35: Cevaplandı | J35: Doğru cevap | K35: Evet | M35: Cevaplandı | N35: Doğru cevap | O35: Evet | Q35: Cevaplandı | R35: Doğru cevap | S35: Evet | U35: Cevaplandı | V35: Doğru cevap | W35: Evet | Y35: Cevaplandı | Z35: Doğru cevap | AA35: Evet
A36: q039 | B36: Tek belge | C36: 5746 sayılı Kanuna göre doktoralı Ar-Ge personelinin gelir vergisi stopajının yüzde kaçı terkin edilir? | D36: Cevap | E36: Cevaplandı | F36: Yanlış cevap | G36: Hayır | H36: Hayır | I36: Ret: dayanaksız sayı | J36: Gereksiz ret (üretim) | L36: Hayır | M36: Ret: dayanaksız sayı | N36: Gereksiz ret (belirsiz) | P36: Hayır | Q36: Ret: dayanaksız sayı | R36: Gereksiz ret (belirsiz) | T36: Hayır | U36: Ret: dayanaksız sayı | V36: Gereksiz ret (belirsiz) | X36: Hayır | Y36: Ret: dayanaksız sayı | Z36: Gereksiz ret (belirsiz) | AB36: Hayır | AC36: Madde 3(2) kesik; oranlar kesilen kısımda olabilir | AD36: Madde 3(2) kesik; oranlar kesilen kısımda olabilir
A37: q040 | B37: Tek belge | C37: Şahıs şirketim var; 1505 projesinde müşteri kuruluş olabilir miyim? | D37: Cevap | E37: Cevaplandı | F37: Doğru cevap | G37: Evet | I37: Cevaplandı | J37: Doğru cevap | K37: Evet | M37: Cevaplandı | N37: Yanlış cevap | O37: Hayır | Q37: Cevaplandı | R37: Doğru cevap | S37: Evet | U37: Cevaplandı | V37: Doğru cevap | W37: Evet | Y37: Cevaplandı | Z37: Doğru cevap | AA37: Evet
A38: q042 | B38: Tek belge | C38: TEYDEB destek limitleri tablosuna göre 1515 Öncül Ar-Ge Laboratuvarları programında proje bütçesi üst limiti nedir? | D38: Cevap | E38: Cevaplandı | F38: Doğru cevap | G38: Evet | H38: Hayır | I38: Cevaplandı | J38: Doğru cevap | K38: Kararsız | L38: Evet | M38: Cevaplandı | N38: Doğru cevap | O38: Evet | P38: Evet | Q38: Cevaplandı | R38: Doğru cevap | S38: Evet | T38: Evet | U38: Cevaplandı | V38: Doğru cevap | W38: Evet | X38: Evet | Y38: Cevaplandı | Z38: Doğru cevap | AA38: Evet | AB38: Evet
A39: q043 | B39: Tek belge | C39: 1513 Teknoloji Transfer Ofisleri programında Kapasite Geliştirme Aşamasında destek oranı yüzde kaç? | D39: Cevap | E39: Cevaplandı | F39: Doğru cevap | G39: Evet | H39: Evet | I39: Cevaplandı | J39: Doğru cevap | K39: Kararsız | L39: Evet | M39: Cevaplandı | N39: Doğru cevap | O39: Evet | P39: Evet | Q39: Cevaplandı | R39: Doğru cevap | S39: Evet | T39: Evet | U39: Cevaplandı | V39: Doğru cevap | W39: Evet | X39: Evet | Y39: Cevaplandı | Z39: Doğru cevap | AA39: Evet | AB39: Evet
A40: q044 | B40: Çok belge | C40: 1501 Uygulama Esaslarında proje süresi üst sınırı nedir ve 2026 yılı 2. çağrısına kaç aylık proje ile başvurulabilir? | D40: Cevap | E40: Cevaplandı | F40: Yanlış cevap | G40: Hayır | H40: Hayır | I40: Cevaplandı | J40: Doğru cevap | K40: Kararsız | L40: Evet | M40: Cevaplandı | N40: Yanlış cevap | O40: Hayır | P40: Hayır | Q40: Cevaplandı | R40: Doğru cevap | S40: Evet | T40: Evet | U40: Cevaplandı | V40: Doğru cevap | W40: Evet | X40: Evet | Y40: Cevaplandı | Z40: Yanlış cevap | AA40: Hayır | AB40: Hayır | AD40: Çağrıya en fazla 24 ay; cevap 36 ay diyor
A41: q045 | B41: Çok belge | C41: 1501 ve 1507 programları arasında azami proje süresi açısından fark nedir? | D41: Cevap | E41: Cevaplandı | F41: Doğru cevap | G41: Evet | H41: Evet | I41: Cevaplandı | J41: Doğru cevap | K41: Evet | L41: Evet | M41: Cevaplandı | N41: Doğru cevap | O41: Evet | P41: Evet | Q41: Cevaplandı | R41: Doğru cevap | S41: Evet | T41: Evet | U41: Cevaplandı | V41: Doğru cevap | W41: Evet | X41: Evet | Y41: Cevaplandı | Z41: Doğru cevap | AA41: Evet | AB41: Evet
A42: q046 | B42: Çok belge | C42: 1501 projesinde çalışan Ar-Ge personelim 5746 sayılı Kanundaki gelir vergisi stopajı teşvikinden yararlanıyor. Bu teşvik tutarını TÜBİTAK'a personel maliyeti olarak beyan edebilir miyim? | D42: Cevap | E42: Cevaplandı | F42: Yanlış cevap | G42: Hayır | I42: Cevaplandı | J42: Doğru cevap | K42: Evet | M42: Cevaplandı | N42: Doğru cevap | O42: Evet | Q42: Cevaplandı | R42: Doğru cevap | S42: Evet | U42: Cevaplandı | V42: Doğru cevap | W42: Evet | Y42: Cevaplandı | Z42: Doğru cevap | AA42: Evet
A43: q047 | B43: Çok belge | C43: Teknoparktaki yazılım kazançlarına tanınan vergi istisnası ile 5746 sayılı Kanun kapsamındaki destekler hangi tarihe kadar geçerli? | D43: Cevap | E43: Cevaplandı | F43: Doğru cevap | G43: Hayır | H43: Evet | I43: Cevaplandı | J43: Doğru cevap | K43: Hayır | L43: Evet | M43: Cevaplandı | N43: Yanlış cevap | O43: Hayır | P43: Hayır | Q43: Cevaplandı | R43: Doğru cevap | S43: Hayır | T43: Evet | U43: Cevaplandı | V43: Doğru cevap | W43: Hayır | X43: Evet | Y43: Cevaplandı | Z43: Doğru cevap | AA43: Hayır | AB43: Evet | AC43: 5746 için 31/12/2028 tarihi alıntılanan kaynakta yok | AD43: 5746 için 31/12/2028 tarihi alıntılanan kaynakta yok
A44: q048 | B44: Çok belge | C44: 1501 projemizde destek kapsamına itiraz etmek istiyoruz; ayrıca başka bir başvurumuz reddedildi. Bu iki itiraz için süreler nedir? | D44: Cevap | E44: Ret: dayanaksız sayı | F44: Gereksiz ret (arama) | H44: Hayır | I44: Ret: geçersiz atıf | J44: Gereksiz ret (arama) | L44: Hayır | M44: Cevaplandı | N44: Yanlış cevap | O44: Hayır | P44: Hayır | Q44: Cevaplandı | R44: Yanlış cevap | S44: Hayır | T44: Hayır | U44: Cevaplandı | V44: Yanlış cevap | W44: Hayır | X44: Hayır | Y44: Cevaplandı | Z44: Yanlış cevap | AA44: Hayır | AB44: Hayır | AC44: Ret itirazı 15 gün olmalı; 2 ay denmiş ve desteksiz | AD44: Ret itirazı 15 gün olmalı; 2 ay denmiş ve desteksiz
A45: q049 | B45: Çok belge | C45: 1507 Uygulama Esaslarında azami proje bütçesi rakam olarak yazıyor mu? Güncel bütçe sınırı nedir? | D45: Cevap | E45: Cevaplandı | F45: Yanlış cevap | G45: Hayır | H45: Hayır | I45: Cevaplandı | J45: Yanlış cevap | K45: Kararsız | L45: Evet | M45: Cevaplandı | N45: Yanlış cevap | O45: Hayır | P45: Hayır | Q45: Cevaplandı | R45: Yanlış cevap | S45: Evet | T45: Evet | U45: Cevaplandı | V45: Yanlış cevap | W45: Hayır | X45: Evet | Y45: Cevaplandı | Z45: Yanlış cevap | AA45: Hayır | AB45: Evet | AC45: Esaslarda rakam yok, Yönetim Kurulu belirler; cevap aksini söylüyor | AD45: Esaslarda rakam yok, Yönetim Kurulu belirler; cevap aksini söylüyor
A46: q050 | B46: Çok belge | C46: Büyük ölçekli bir şirket 1505 projesinde müşteri kuruluş olabilir mi; olursa bütçenin ne kadarını TÜBİTAK karşılar? | D46: Cevap | E46: Cevaplandı | F46: Doğru cevap | G46: Evet | H46: Hayır | I46: Cevaplandı | J46: Doğru cevap | K46: Evet | L46: Evet | M46: Cevaplandı | N46: Yanlış cevap | O46: Hayır | P46: Hayır | Q46: Cevaplandı | R46: Doğru cevap | S46: Evet | T46: Evet | U46: Cevaplandı | V46: Doğru cevap | W46: Evet | X46: Evet | Y46: Cevaplandı | Z46: Doğru cevap | AA46: Evet | AB46: Evet
A47: q051 | B47: Çok belge | C47: 1001 projesinde bütçe üst limiti nedir ve buna ek olarak kurum hissesi ne kadar verilir? | D47: Cevap | E47: Cevaplandı | F47: Yanlış cevap | G47: Hayır | H47: Hayır | I47: Cevaplandı | J47: Yanlış cevap | K47: Kararsız | L47: Hayır | M47: Cevaplandı | N47: Yanlış cevap | O47: Evet | P47: Hayır | Q47: Cevaplandı | R47: Yanlış cevap | S47: Hayır | T47: Hayır | U47: Cevaplandı | V47: Doğru cevap | W47: Evet | X47: Evet | Y47: Cevaplandı | Z47: Doğru cevap | AA47: Hayır | AB47: Evet | AD47: %10 kurum hissesi alıntılanan kaynaklarda yok
A48: q052 | B48: Çok belge | C48: Patent desteği için bireysel olarak yılda kaç başvuruda destek alabilirim ve ulusal patent başvuruları hâlâ destekleniyor mu? | D48: Cevap | E48: Cevaplandı | F48: Yanlış cevap | G48: Hayır | H48: Evet | I48: Cevaplandı | J48: Yanlış cevap | K48: Hayır | L48: Evet | M48: Cevaplandı | N48: Yanlış cevap | O48: Hayır | P48: Evet | Q48: Cevaplandı | R48: Yanlış cevap | S48: Hayır | T48: Hayır | U48: Cevaplandı | V48: Yanlış cevap | W48: Hayır | X48: Evet | Y48: Cevaplandı | Z48: Yanlış cevap | AA48: Hayır | AB48: Evet | AC48: Ulusal patent destekleri kapalı; kaynak da bunu söylüyor | AD48: Ulusal patent destekleri kapalı; kaynak da bunu söylüyor
A49: q053 | B49: Çok belge | C49: 1004 Mükemmeliyet Merkezi programında KOBİ ortağa uygulanacak destek oranı ve araştırma programının azami süresi nedir? | D49: Cevap | E49: Cevaplandı | F49: Doğru cevap | G49: Kararsız | H49: Evet | I49: Cevaplandı | J49: Doğru cevap | K49: Kararsız | L49: Evet | M49: Ret: dayanaksız sayı | N49: Gereksiz ret (arama) | P49: Hayır | Q49: Cevaplandı | R49: Yanlış cevap | S49: Hayır | T49: Hayır | U49: Ret: bilgi yok (model) | V49: Gereksiz ret (arama) | X49: Hayır | Y49: Ret: bilgi yok (model) | Z49: Gereksiz ret (arama) | AB49: Hayır | AC49: 48 ay ve kamu %100 var; KOBİ %75 oranı yok | AD49: 48 ay ve kamu %100 var; KOBİ %75 oranı yok
A50: q054 | B50: Çok belge | C50: 1501 ve 1507 2026-2 çağrılarına aynı anda başvurmak istiyoruz. Toplam kaç proje önerisi verebiliriz ve 1507'de destek oranı ne olur? | D50: Cevap | E50: Ret: dayanaksız sayı | F50: Gereksiz ret (arama) | H50: Hayır | I50: Cevaplandı | J50: Doğru cevap | K50: Evet | L50: Evet | M50: Ret: dayanaksız sayı | N50: Gereksiz ret (arama) | P50: Hayır | Q50: Ret: dayanaksız sayı | R50: Gereksiz ret (arama) | T50: Hayır | U50: Cevaplandı | V50: Doğru cevap | W50: Evet | X50: Evet | Y50: Cevaplandı | Z50: Doğru cevap | AA50: Evet | AB50: Evet
A51: q055 | B51: Çok belge | C51: ARDEB projesinde süre uzatımı ne kadar yapılabilir, 1501 projesinde durum farklı mı? | D51: Cevap | E51: Cevaplandı | F51: Yanlış cevap | G51: Hayır | H51: Hayır | I51: Cevaplandı | J51: Yanlış cevap | K51: Hayır | L51: Hayır | M51: Cevaplandı | N51: Yanlış cevap | O51: Hayır | P51: Hayır | Q51: Cevaplandı | R51: Yanlış cevap | S51: Hayır | T51: Hayır | U51: Cevaplandı | V51: Yanlış cevap | W51: Hayır | X51: Hayır | Y51: Cevaplandı | Z51: Yanlış cevap | AA51: Hayır | AB51: Hayır | AC51: ARDEB'de %50 olmalı; %25 TEYDEB kaynağından aktarılmış | AD51: ARDEB'de %50 olmalı; %25 TEYDEB kaynağından aktarılmış
A52: q056 | B52: Çok belge | C52: 1002-A Hızlı Destek ile 1001 arasında proje süresi ve bütçe bakımından fark nedir? | D52: Cevap | E52: Cevaplandı | F52: Yanlış cevap | G52: Kararsız | H52: Hayır | I52: Cevaplandı | J52: Doğru cevap | K52: Kararsız | L52: Evet | M52: Cevaplandı | N52: Yanlış cevap | O52: Kararsız | P52: Hayır | Q52: Cevaplandı | R52: Yanlış cevap | S52: Kararsız | T52: Hayır | U52: Cevaplandı | V52: Doğru cevap | W52: Hayır | X52: Evet | Y52: Cevaplandı | Z52: Doğru cevap | AA52: Hayır | AB52: Evet | AC52: 1001 için 'yıllık' limit kaynağa aykırı (yıllık sınırlama yok) | AD52: 1001 için 'yıllık' limit kaynağa aykırı (yıllık sınırlama yok)
A53: q057 | B53: Çok belge | C53: 4004 projesinde yer alan bir öğrenci aynı çağrı döneminde 4005 projesine de katılımcı olabilir mi? 4005'te destek üst limiti nedir? | D53: Cevap | E53: Cevaplandı | F53: Yanlış cevap | G53: Hayır | H53: Hayır | I53: Cevaplandı | J53: Yanlış cevap | K53: Hayır | L53: Hayır | M53: Cevaplandı | N53: Doğru cevap | O53: Kararsız | P53: Evet | Q53: Cevaplandı | R53: Doğru cevap | S53: Kararsız | T53: Evet | U53: Cevaplandı | V53: Doğru cevap | W53: Evet | X53: Evet | Y53: Cevaplandı | Z53: Doğru cevap | AA53: Evet | AB53: Evet
A54: q058 | B54: Çok belge | C54: 2211 doktora bursiyeriyim; 1001 projesinde doktora bursiyeri olursam aylık burs ne kadar olur ve 2211 bursum en fazla kaç ay sürer? | D54: Cevap | E54: Cevaplandı | F54: Yanlış cevap | G54: Hayır | H54: Hayır | I54: Cevaplandı | J54: Yanlış cevap | K54: Hayır | L54: Hayır | M54: Cevaplandı | N54: Yanlış cevap | O54: Hayır | P54: Hayır | Q54: Cevaplandı | R54: Yanlış cevap | S54: Kararsız | T54: Hayır | U54: Cevaplandı | V54: Yanlış cevap | W54: Evet | X54: Hayır | Y54: Cevaplandı | Z54: Yanlış cevap | AA54: Evet | AB54: Hayır | AC54: 2211 burs süresi (48/60 ay) eksik | AD54: Bütünleşik doktora için 60 ay bilgisi eksik
A55: q059 | B55: Sürüm | C55: 1707 Sipariş Ar-Ge çağrısında proje bütçesi üst sınırı ne kadar? | D55: Cevap | E55: Cevaplandı | F55: Yanlış cevap | G55: Evet | H55: Hayır | I55: Cevaplandı | J55: Yanlış cevap | K55: Evet | L55: Hayır | M55: Cevaplandı | N55: Doğru cevap | O55: Evet | P55: Evet | Q55: Cevaplandı | R55: Doğru cevap | S55: Evet | T55: Evet | U55: Cevaplandı | V55: Doğru cevap | W55: Evet | X55: Evet | Y55: Cevaplandı | Z55: Doğru cevap | AA55: Evet | AB55: Evet
A56: q060 | B56: Sürüm | C56: 1711 Yapay Zekâ Ekosistem çağrısında proje bütçesi en fazla ne kadar olabilir? | D56: Cevap | E56: Cevaplandı | F56: Yanlış cevap | G56: Kararsız | H56: Hayır | I56: Cevaplandı | J56: Yanlış cevap | K56: Hayır | L56: Hayır | M56: Cevaplandı | N56: Doğru cevap | O56: Evet | P56: Evet | Q56: Cevaplandı | R56: Doğru cevap | S56: Evet | T56: Hayır | U56: Cevaplandı | V56: Doğru cevap | W56: Evet | X56: Hayır | Y56: Cevaplandı | Z56: Doğru cevap | AA56: Evet | AB56: Hayır
A57: q061 | B57: Sürüm | C57: 5746 sayılı Ar-Ge Kanunu ne zamana kadar yürürlükte kalacak? Daha önce 2023'te bitmiyor muydu? | D57: Cevap | E57: Cevaplandı | F57: Doğru cevap | G57: Hayır | H57: Evet | I57: Cevaplandı | J57: Doğru cevap | K57: Hayır | L57: Evet | M57: Ret: bilgi yok (model) | N57: Gereksiz ret (arama) | P57: Hayır | Q57: Cevaplandı | R57: Yanlış cevap | S57: Hayır | T57: Hayır | U57: Cevaplandı | V57: Doğru cevap | W57: Hayır | X57: Evet | Y57: Cevaplandı | Z57: Doğru cevap | AA57: Hayır | AB57: Evet | AC57: 'Daha önce 2023'te bitmiyor' iddiası kaynaksız ve yanlış | AD57: '2023'te yürürlükte değildi' iddiası kaynaksız ve yanlış
A58: q062 | B58: Sürüm | C58: ARDEB İdari ve Mali Esaslarında kurum hissesine ilişkin son değişiklikler hangi projelerden itibaren uygulanıyor? | D58: Cevap | E58: Cevaplandı | F58: Yanlış cevap | G58: Hayır | H58: Hayır | I58: Cevaplandı | J58: Doğru cevap | K58: Hayır | L58: Hayır | M58: Cevaplandı | N58: Doğru cevap | O58: Evet | P58: Hayır | Q58: Cevaplandı | R58: Doğru cevap | S58: Evet | T58: Hayır | U58: Cevaplandı | V58: Doğru cevap | W58: Evet | X58: Evet | Y58: Cevaplandı | Z58: Doğru cevap | AA58: Evet | AB58: Evet
A59: q063 | B59: Sürüm | C59: 1001 programında güncel proje bütçe üst limiti ne kadar? | D59: Cevap | E59: Cevaplandı | F59: Doğru cevap | G59: Evet | H59: Evet | I59: Cevaplandı | J59: Doğru cevap | K59: Evet | L59: Evet | M59: Cevaplandı | N59: Yanlış cevap | O59: Evet | P59: Hayır | Q59: Cevaplandı | R59: Doğru cevap | S59: Evet | T59: Evet | U59: Cevaplandı | V59: Doğru cevap | W59: Evet | X59: Evet | Y59: Cevaplandı | Z59: Doğru cevap | AA59: Evet | AB59: Evet
A60: q064 | B60: Sürüm | C60: ARDEB projelerinde doktora öğrencisi bursiyere güncel olarak ayda ne kadar burs ödeniyor? | D60: Cevap | E60: Cevaplandı | F60: Yanlış cevap | G60: Evet | H60: Hayır | I60: Cevaplandı | J60: Yanlış cevap | K60: Kararsız | L60: Hayır | M60: Cevaplandı | N60: Yanlış cevap | O60: Kararsız | P60: Hayır | Q60: Cevaplandı | R60: Yanlış cevap | S60: Hayır | T60: Hayır | U60: Cevaplandı | V60: Yanlış cevap | W60: Kararsız | X60: Hayır | Y60: Cevaplandı | Z60: Yanlış cevap | AA60: Kararsız | AB60: Hayır | AC60: Doğrusu 32.500/8.500 TL; 37.780 tablosu kesik kısımda | AD60: Doğrusu 32.500/8.500 TL; 37.780 tablosu kesik kısımda
A61: q065 | B61: Sürüm | C61: 4006 bilim fuarı destek tutarları sabit mi, güncellenecek mi? | D61: Cevap | E61: Cevaplandı | F61: Doğru cevap | G61: Evet | H61: Hayır | I61: Cevaplandı | J61: Doğru cevap | K61: Hayır | L61: Hayır | M61: Cevaplandı | N61: Doğru cevap | O61: Evet | P61: Hayır | Q61: Cevaplandı | R61: Doğru cevap | S61: Evet | T61: Hayır | U61: Cevaplandı | V61: Doğru cevap | W61: Evet | X61: Hayır | Y61: Cevaplandı | Z61: Doğru cevap | AA61: Evet | AB61: Hayır
A62: q066 | B62: Sürüm | C62: BiGG kapsamında girişim şirketine sağlanan destek miktarı ne kadar? Eski tabloda 900 bin TL görmüştüm. | D62: Cevap | E62: Cevaplandı | F62: Yanlış cevap | G62: Evet | H62: Hayır | I62: Cevaplandı | J62: Yanlış cevap | K62: Evet | L62: Hayır | M62: Cevaplandı | N62: Yanlış cevap | O62: Evet | P62: Hayır | Q62: Cevaplandı | R62: Yanlış cevap | S62: Evet | T62: Hayır | U62: Cevaplandı | V62: Yanlış cevap | W62: Hayır | X62: Hayır | Y62: Cevaplandı | Z62: Yanlış cevap | AA62: Evet | AB62: Hayır | AC62: Güncel 1.350.000 TL; 900.000 aslında ek %2 pay tutarı | AD62: Güncel tutar 1.350.000 TL; eski 900.000 verilmiş
A63: q067 | B63: Sürüm | C63: 2224-A çağrı duyurusunun son halinde neler güncellendi? | D63: Cevap | E63: Cevaplandı | F63: Yanlış cevap | G63: Evet | H63: Hayır | I63: Cevaplandı | J63: Yanlış cevap | K63: Evet | L63: Hayır | M63: Cevaplandı | N63: Yanlış cevap | O63: Hayır | P63: Hayır | Q63: Cevaplandı | R63: Yanlış cevap | S63: Evet | T63: Hayır | U63: Cevaplandı | V63: Yanlış cevap | W63: Evet | X63: Hayır | Y63: Cevaplandı | Z63: Yanlış cevap | AA63: Evet | AB63: Hayır | AC63: Güncellenen koşul/yükümlülük maddeleri yerine duyuru listesi verilmiş | AD63: Güncellenen koşul/yükümlülük maddeleri yerine duyuru listesi verilmiş
A64: q068 | B64: Sürüm | C64: 1501 2026 yılı 2. çağrısının son başvuru tarihi ne? | D64: Cevap | E64: Cevaplandı | F64: Yanlış cevap | G64: Hayır | H64: Hayır | I64: Cevaplandı | J64: Yanlış cevap | K64: Hayır | L64: Hayır | M64: Cevaplandı | N64: Yanlış cevap | O64: Evet | P64: Hayır | Q64: Cevaplandı | R64: Doğru cevap | S64: Evet | T64: Evet | U64: Cevaplandı | V64: Doğru cevap | W64: Evet | X64: Evet | Y64: Cevaplandı | Z64: Doğru cevap | AA64: Evet | AB64: Evet
A65: q069 | B65: Belirsiz | C65: TÜBİTAK projelerinde proje süresi en fazla kaç ay olabilir? | D65: Cevap | E65: Cevaplandı | F65: Yanlış cevap | G65: Hayır | H65: Hayır | I65: Cevaplandı | J65: Yanlış cevap | K65: Hayır | L65: Hayır | M65: Cevaplandı | N65: Yanlış cevap | O65: Hayır | P65: Hayır | Q65: Cevaplandı | R65: Yanlış cevap | S65: Hayır | T65: Hayır | U65: Cevaplandı | V65: Yanlış cevap | W65: Evet | X65: Hayır | Y65: Cevaplandı | Z65: Yanlış cevap | AA65: Hayır | AB65: Hayır | AC65: Programlara göre ayrım yok; tek değer (24 ay) verilmiş | AD65: Ayrım yok; kaynak 1501 için 36 ay diyor, genelleme çelişkili
A66: q070 | B66: Belirsiz | C66: Destek oranı yüzde kaç? | D66: Cevap | E66: Cevaplandı | F66: Yanlış cevap | G66: Evet | H66: Evet | I66: Cevaplandı | J66: Yanlış cevap | K66: Evet | L66: Hayır | M66: Cevaplandı | N66: Yanlış cevap | O66: Hayır | P66: Hayır | Q66: Cevaplandı | R66: Yanlış cevap | S66: Hayır | T66: Hayır | U66: Cevaplandı | V66: Yanlış cevap | W66: Evet | X66: Hayır | Y66: Cevaplandı | Z66: Yanlış cevap | AA66: Evet | AB66: Hayır | AC66: Programlara göre ayrım yok; yalnız %75 verilmiş | AD66: Programlara göre ayrım yok; yalnız %75 verilmiş
A67: q071 | B67: Belirsiz | C67: Proje bütçesinin üst limiti ne kadar? | D67: Cevap | E67: Cevaplandı | F67: Yanlış cevap | G67: Hayır | H67: Hayır | I67: Cevaplandı | J67: Yanlış cevap | K67: Hayır | L67: Hayır | M67: Cevaplandı | N67: Yanlış cevap | O67: Hayır | P67: Hayır | Q67: Cevaplandı | R67: Yanlış cevap | S67: Hayır | T67: Hayır | U67: Cevaplandı | V67: Yanlış cevap | W67: Evet | X67: Hayır | Y67: Cevaplandı | Z67: Yanlış cevap | AA67: Hayır | AB67: Hayır | AC67: 1001/1005/1507 limitleri yok; yalnız 1832 değerleri | AD67: Değerler yanlış eşlenmiş (1503/1507/1512 rakamları 1501'e)
A68: q072 | B68: Belirsiz | C68: Bilim ve toplum projelerinde destek üst limiti ne kadar? | D68: Cevap | E68: Cevaplandı | F68: Yanlış cevap | G68: Evet | H68: Hayır | I68: Cevaplandı | J68: Yanlış cevap | K68: Evet | L68: Hayır | M68: Cevaplandı | N68: Yanlış cevap | O68: Hayır | P68: Hayır | Q68: Cevaplandı | R68: Yanlış cevap | S68: Evet | T68: Hayır | U68: Cevaplandı | V68: Yanlış cevap | W68: Hayır | X68: Hayır | Y68: Cevaplandı | Z68: Yanlış cevap | AA68: Evet | AB68: Hayır | AC68: Ayrım yok; kaynak festival için 1.500.000 TL diyor | AD68: Yalnız 4007; 4004/4005/4008 için 425.000 TL eksik
A69: q073 | B69: Belirsiz | C69: Başvurular ne zaman kapanıyor? | D69: Cevap | E69: Cevaplandı | F69: Yanlış cevap | G69: Kararsız | H69: Hayır | I69: Cevaplandı | J69: Yanlış cevap | K69: Evet | L69: Hayır | M69: Cevaplandı | N69: Yanlış cevap | O69: Hayır | P69: Hayır | Q69: Cevaplandı | R69: Yanlış cevap | S69: Evet | T69: Hayır | U69: Cevaplandı | V69: Yanlış cevap | W69: Evet | X69: Hayır | Y69: Cevaplandı | Z69: Yanlış cevap | AA69: Evet | AB69: Hayır | AC69: Çağrılara göre kapanış tarihleri verilmemiş | AD69: Çağrılara göre kapanış tarihleri verilmemiş
A70: q074 | B70: Belirsiz | C70: Destek süresi uzatılabiliyor mu? | D70: Cevap | E70: Cevaplandı | F70: Yanlış cevap | G70: Evet | H70: Hayır | I70: Cevaplandı | J70: Yanlış cevap | K70: Evet | L70: Hayır | M70: Cevaplandı | N70: Yanlış cevap | O70: Hayır | P70: Hayır | Q70: Cevaplandı | R70: Yanlış cevap | S70: Hayır | T70: Hayır | U70: Cevaplandı | V70: Yanlış cevap | W70: Evet | X70: Hayır | Y70: Cevaplandı | Z70: Yanlış cevap | AA70: Evet | AB70: Hayır | AC70: Programlara göre uzatma kuralları ayrılmamış | AD70: Yalnız 1512 kuralı genellenmiş; programlara göre ayrım yok
A71: q075 | B71: Belirsiz | C71: Proje yürütücüsüne PTİ (proje teşvik ikramiyesi) ödeniyor mu? | D71: Cevap | E71: Cevaplandı | F71: Yanlış cevap | G71: Evet | H71: Hayır | I71: Cevaplandı | J71: Yanlış cevap | K71: Evet | L71: Hayır | M71: Cevaplandı | N71: Yanlış cevap | O71: Hayır | P71: Hayır | Q71: Cevaplandı | R71: Yanlış cevap | S71: Hayır | T71: Hayır | U71: Cevaplandı | V71: Yanlış cevap | W71: Evet | X71: Hayır | Y71: Cevaplandı | Z71: Yanlış cevap | AA71: Evet | AB71: Hayır | AC71: Programlara göre ayrım yok; 1002-A'da PTİ ödenmez | AD71: Programlara göre ayrım yok; 1002-A'da PTİ ödenmez
A72: q076 | B72: Belirsiz | C72: Bir kuruluş en fazla kaç proje önerisiyle başvurabilir? | D72: Cevap | E72: Cevaplandı | F72: Yanlış cevap | G72: Evet | H72: Evet | I72: Cevaplandı | J72: Yanlış cevap | K72: Evet | L72: Evet | M72: Cevaplandı | N72: Yanlış cevap | O72: Hayır | P72: Evet | Q72: Cevaplandı | R72: Yanlış cevap | S72: Hayır | T72: Evet | U72: Cevaplandı | V72: Yanlış cevap | W72: Evet | X72: Evet | Y72: Cevaplandı | Z72: Yanlış cevap | AA72: Evet | AB72: Evet | AC72: Programlara göre ayrım yok; 1505 kısıtsızlığı eksik | AD72: Programlara göre ayrım yok; 1505 kısıtsızlığı eksik
A73: q077 | B73: Belirsiz | C73: Değerlendirmede geçme puanı kaç? | D73: Cevap | E73: Ret: kapsam dışı | F73: Gereksiz ret (üretim) | H73: Hayır | I73: Ret: kapsam dışı | J73: Gereksiz ret (üretim) | L73: Hayır | M73: Ret: kapsam dışı | N73: Gereksiz ret (üretim) | P73: Hayır | Q73: Ret: kapsam dışı | R73: Gereksiz ret (üretim) | T73: Hayır | U73: Ret: kapsam dışı | V73: Gereksiz ret (üretim) | X73: Hayır | Y73: Ret: kapsam dışı | Z73: Gereksiz ret (üretim) | AB73: Hayır | AC73: Belirsiz soru kapsam dışı sayıldı; netleştirme sorulmalıydı | AD73: Belirsiz soru kapsam dışı sayıldı; netleştirme sorulmalıydı
A74: q079 | B74: Cevapsız | C74: 1507 programında 2027 yılı için belirlenen proje bütçesi üst limiti kaç TL? | D74: Ret (bilgi bulunamadı) | E74: Ret: bilgi yok (model) | F74: Doğru ret | I74: Cevaplandı | J74: Uydurma | M74: Cevaplandı | N74: Uydurma | Q74: Ret: bilgi yok (model) | R74: Doğru ret | U74: Ret: bilgi yok (model) | V74: Doğru ret | Y74: Ret: bilgi yok (model) | Z74: Doğru ret | AC74: Bilgi derlemde yok; ret doğru | AD74: Bilgi derlemde yok; ret doğru
A75: q080 | B75: Cevapsız | C75: 1501 programının 2027 yılı 1. çağrısı hangi tarihte açılacak? | D75: Ret (bilgi bulunamadı) | E75: Ret: bilgi yok (model) | F75: Doğru ret | I75: Ret: bilgi yok (model) | J75: Doğru ret | M75: Ret: bilgi yok (model) | N75: Doğru ret | Q75: Ret: bilgi yok (model) | R75: Doğru ret | U75: Ret: bilgi yok (model) | V75: Doğru ret | Y75: Ret: bilgi yok (model) | Z75: Doğru ret | AC75: Bilgi derlemde yok; ret doğru | AD75: Bilgi derlemde yok; ret doğru
A76: q081 | B76: Tek belge | C76: Teknopark personelinin bölge dışında geçirdiği süreler gelir vergisi stopajı teşvikinden ne ölçüde yararlanır? | D76: Cevap | E76: Cevaplandı | F76: Doğru cevap | G76: Hayır | H76: Hayır | I76: Cevaplandı | J76: Doğru cevap | K76: Kararsız | L76: Hayır | M76: Cevaplandı | N76: Doğru cevap | O76: Kararsız | P76: Hayır | Q76: Ret: dayanaksız sayı | R76: Gereksiz ret (belirsiz) | T76: Hayır | U76: Cevaplandı | V76: Doğru cevap | W76: Kararsız | X76: Hayır | Y76: Cevaplandı | Z76: Doğru cevap | AA76: Kararsız | AB76: Hayır | AC76: Kaynak kesik; bölge dışı %20 kuralı görünür kısımda yok | AD76: Kaynak kesik; bölge dışı %20 kuralı görünür kısımda yok
A77: q082 | B77: Cevapsız | C77: Ar-Ge Merkezleri Uygulama ve Denetim Yönetmeliği'ne göre Ar-Ge merkezi belgesi başvurusu kaç gün içinde sonuçlandırılır? | D77: Ret (bilgi bulunamadı) | E77: Ret: bilgi yok (model) | F77: Doğru ret | I77: Ret: bilgi yok (model) | J77: Doğru ret | M77: Ret: bilgi yok (model) | N77: Doğru ret | Q77: Ret: bilgi yok (model) | R77: Doğru ret | U77: Ret: bilgi yok (model) | V77: Doğru ret | Y77: Ret: bilgi yok (model) | Z77: Doğru ret | AC77: Bilgi derlemde yok; ret doğru | AD77: Bilgi derlemde yok; ret doğru
A78: q083 | B78: Cevapsız | C78: 2211 Yurt İçi Doktora Bursu kapsamında ayda kaç TL burs ödeniyor? | D78: Ret (bilgi bulunamadı) | E78: Cevaplandı | F78: Uydurma | I78: Cevaplandı | J78: Uydurma | M78: Cevaplandı | N78: Uydurma | Q78: Cevaplandı | R78: Uydurma | U78: Cevaplandı | V78: Uydurma | Y78: Cevaplandı | Z78: Uydurma | AC78: 7.000 TL proje bursiyer tablosundan; 2211 bursu değil | AD78: 32.500 TL proje bursiyer limiti; 2211 bursuna yanlış atfedildi
A79: q084 | B79: Cevapsız | C79: 2209-A Üniversite Öğrencileri Araştırma Projeleri programında öğrenci projesine en fazla ne kadar bütçe veriliyor? | D79: Ret (bilgi bulunamadı) | E79: Ret: dayanaksız sayı | F79: Doğru ret | I79: Ret: bilgi yok (model) | J79: Doğru ret | M79: Ret: bilgi yok (model) | N79: Doğru ret | Q79: Cevaplandı | R79: Uydurma | U79: Cevaplandı | V79: Uydurma | Y79: Ret: bilgi yok (model) | Z79: Doğru ret | AC79: 3.000.000 TL 1001 limiti; 2209-A'ya atfedildi | AD79: Bilgi derlemde yok; ret doğru
A80: q085 | B80: Cevapsız | C80: 121M345 numaralı 1001 projemin ara rapor değerlendirmesi ne durumda? | D80: Ret (bilgi bulunamadı) | E80: Cevaplandı | F80: Uydurma | I80: Ret: skor eşik altı | J80: Doğru ret | M80: Cevaplandı | N80: Doğru ret | Q80: Cevaplandı | R80: Uydurma | U80: Ret: skor eşik altı | V80: Doğru ret | Y80: Ret: skor eşik altı | Z80: Doğru ret | AC80: Kişisel proje durumu derlemde yok; eşik altı ret doğru | AD80: Kişisel proje durumu derlemde yok; eşik altı ret doğru
A81: q086 | B81: Cevapsız | C81: 1719 Eureka Network çağrılarında proje bütçesi en fazla kaç avro olabilir? | D81: Ret (bilgi bulunamadı) | E81: Cevaplandı | F81: Uydurma | I81: Cevaplandı | J81: Uydurma | M81: Ret: dayanaksız sayı | N81: Doğru ret | Q81: Cevaplandı | R81: Uydurma | U81: Cevaplandı | V81: Uydurma | Y81: Ret: dayanaksız sayı | Z81: Doğru ret | AC81: 1.400.000 Avro kaynakta yok; uydurma | AD81: 1719 bütçe limiti derlemde yok; ret doğru
A82: q087 | B82: Cevapsız | C82: 2224-A ile Japonya'daki bir konferansa katılırsam destek üst limiti kaç TL olur? | D82: Ret (bilgi bulunamadı) | E82: Ret: bilgi yok (model) | F82: Doğru ret | I82: Cevaplandı | J82: Uydurma | M82: Cevaplandı | N82: Uydurma | Q82: Cevaplandı | R82: Doğru ret | U82: Cevaplandı | V82: Doğru ret | Y82: Cevaplandı | Z82: Doğru ret | AC82: İçerik ret: Japonya limiti kaynakta yok dedi | AD82: İçerik ret: Japonya limiti kaynakta yok dedi
A83: q088 | B83: Cevapsız | C83: 2026 yılında 1001 programına yapılan başvuruların yüzde kaçı desteklendi? | D83: Ret (bilgi bulunamadı) | E83: Ret: atıfsız cevap | F83: Doğru ret | I83: Ret: atıfsız cevap | J83: Doğru ret | M83: Ret: bilgi yok (model) | N83: Doğru ret | Q83: Ret: bilgi yok (model) | R83: Doğru ret | U83: Ret: atıfsız cevap | V83: Doğru ret | Y83: Ret: atıfsız cevap | Z83: Doğru ret | AC83: Başvuru başarı oranı derlemde yok; ret doğru | AD83: Başvuru başarı oranı derlemde yok; ret doğru
A84: q089 | B84: Cevapsız | C84: 1832 Sanayide Yeşil Dönüşüm çağrısının 2027-1 dönemi ne zaman açılacak? | D84: Ret (bilgi bulunamadı) | E84: Ret: bilgi yok (model) | F84: Doğru ret | I84: Cevaplandı | J84: Uydurma | M84: Ret: bilgi yok (model) | N84: Doğru ret | Q84: Ret: bilgi yok (model) | R84: Doğru ret | U84: Ret: bilgi yok (model) | V84: Doğru ret | Y84: Ret: bilgi yok (model) | Z84: Doğru ret | AC84: Bilgi derlemde yok; ret doğru | AD84: Bilgi derlemde yok; ret doğru
A85: q090 | B85: Cevapsız | C85: Ufuk Avrupa Marie Skłodowska-Curie doktora sonrası bursunda araştırmacıya aylık kaç avro ödeniyor? | D85: Ret (bilgi bulunamadı) | E85: Cevaplandı | F85: Uydurma | I85: Cevaplandı | J85: Uydurma | M85: Ret: bilgi yok (model) | N85: Doğru ret | Q85: Ret: bilgi yok (model) | R85: Doğru ret | U85: Cevaplandı | V85: Uydurma | Y85: Cevaplandı | Z85: Uydurma | AC85: 3000 € tek seferlik ödül; aylık MSCA bursu değil | AD85: 3000 € tek seferlik ödül; aylık MSCA bursu değil
A86: q091 | B86: Cevapsız | C86: TÜBİTAK 1001 projelerinde 2026 yılı için proje yürütücüsüne ödenecek aylık PTİ üst sınırı kaç TL? | D86: Ret (bilgi bulunamadı) | E86: Cevaplandı | F86: Uydurma | I86: Cevaplandı | J86: Uydurma | M86: Cevaplandı | N86: Uydurma | Q86: Cevaplandı | R86: Uydurma | U86: Cevaplandı | V86: Uydurma | Y86: Cevaplandı | Z86: Uydurma | AC86: 43.500 TL kaynakta PTİ olarak yok; uydurma | AD86: 43.500 TL kaynakta PTİ olarak yok; uydurma
A87: q092 | B87: Cevapsız | C87: 1515 Öncül Ar-Ge Laboratuvarları programında bugüne kadar kaç laboratuvar desteklendi? | D87: Ret (bilgi bulunamadı) | E87: Ret: bilgi yok (model) | F87: Doğru ret | I87: Ret: bilgi yok (model) | J87: Doğru ret | M87: Ret: bilgi yok (model) | N87: Doğru ret | Q87: Ret: bilgi yok (model) | R87: Doğru ret | U87: Ret: bilgi yok (model) | V87: Doğru ret | Y87: Ret: bilgi yok (model) | Z87: Doğru ret | AC87: Bilgi derlemde yok; ret doğru | AD87: Bilgi derlemde yok; ret doğru
A88: q093 | B88: Cevapsız | C88: TÜBİTAK'ın 2027 yılı Ar-Ge destek bütçesi toplam kaç milyar TL olarak planlandı? | D88: Ret (bilgi bulunamadı) | E88: Ret: bilgi yok (model) | F88: Doğru ret | I88: Ret: bilgi yok (model) | J88: Doğru ret | M88: Ret: bilgi yok (model) | N88: Doğru ret | Q88: Ret: bilgi yok (model) | R88: Doğru ret | U88: Ret: bilgi yok (model) | V88: Doğru ret | Y88: Ret: bilgi yok (model) | Z88: Doğru ret | AC88: Bilgi derlemde yok; ret doğru | AD88: Bilgi derlemde yok; ret doğru
... A99: q104 | B99: Cevapsız | C99: Teknoparkta ofis kiralarken metrekare başına aylık kira bedeli için yasal bir üst sınır var mı, varsa ne kadar? | D99: Ret (bilgi bulunamadı) | E99: Cevaplandı | F99: Uydurma | I99: Cevaplandı | J99: Uydurma | M99: Ret: bilgi yok (model) | N99: Doğru ret | Q99: Cevaplandı | R99: Uydurma | U99: Ret: skor eşik altı | V99: Doğru ret | Y99: Ret: skor eşik altı | Z99: Doğru ret | AC99: Bilgi derlemde yok; ret doğru | AD99: Bilgi derlemde yok; ret doğru
A100: q105 | B100: Tek belge | C100: TEYDEB projesinde bir faturayı dönem içinde ödeyemedim; ödemenin en geç ne zamana kadar bankadan yapılması gerekir? | D100: Cevap | E100: Cevaplandı | F100: Yanlış cevap | G100: Hayır | I100: Cevaplandı | J100: Doğru cevap | K100: Kararsız | M100: Cevaplandı | N100: Yanlış cevap | O100: Kararsız | Q100: Cevaplandı | R100: Yanlış cevap | S100: Hayır | U100: Cevaplandı | V100: Doğru cevap | W100: Evet | Y100: Cevaplandı | Z100: Doğru cevap | AA100: Evet
A101: q106 | B101: Tek belge | C101: 1501/1507 başvurusunda proje adını İngilizce ya da kısaltma olarak yazabilir miyim? | D101: Cevap | E101: Cevaplandı | F101: Yanlış cevap | G101: Hayır | I101: Cevaplandı | J101: Doğru cevap | K101: Hayır | M101: Ret: dayanaksız sayı | N101: Gereksiz ret (belirsiz) | Q101: Cevaplandı | R101: Doğru cevap | S101: Hayır | U101: Cevaplandı | V101: Doğru cevap | W101: Evet | Y101: Cevaplandı | Z101: Doğru cevap | AA101: Evet
A102: q107 | B102: Tek belge | C102: Şirketimizde imza yetkilisi değişti; TEYDEB sisteminde kuruluş yetkilisini güncellemek için hangi belgeyi göndermeliyiz? | D102: Cevap | E102: Cevaplandı | F102: Doğru cevap | G102: Evet | I102: Cevaplandı | J102: Doğru cevap | K102: Evet | M102: Cevaplandı | N102: Doğru cevap | O102: Evet | Q102: Cevaplandı | R102: Doğru cevap | S102: Evet | U102: Cevaplandı | V102: Doğru cevap | W102: Evet | Y102: Cevaplandı | Z102: Doğru cevap | AA102: Evet
A103: q108 | B103: Tek belge | C103: 4007 kapsamında bilim festivali düzenleyeceğiz; toplam katılımcı sayısı en az kaç kişi olmalı? | D103: Cevap | E103: Cevaplandı | F103: Doğru cevap | G103: Evet | H103: Hayır | I103: Cevaplandı | J103: Doğru cevap | K103: Evet | L103: Hayır | M103: Cevaplandı | N103: Doğru cevap | O103: Evet | P103: Hayır | Q103: Cevaplandı | R103: Doğru cevap | S103: Evet | T103: Hayır | U103: Cevaplandı | V103: Doğru cevap | W103: Evet | X103: Hayır | Y103: Cevaplandı | Z103: Doğru cevap | AA103: Evet | AB103: Hayır
A104: q109 | B104: Tek belge | C104: Yenilik Destek Programı çağrılarında (ör. 1707, 1711) destek süresi uzatmalarla birlikte en fazla ne kadar olabilir? | D104: Cevap | E104: Cevaplandı | F104: Doğru cevap | G104: Kararsız | H104: Evet | I104: Cevaplandı | J104: Doğru cevap | K104: Kararsız | L104: Evet | M104: Cevaplandı | N104: Doğru cevap | O104: Evet | P104: Evet | Q104: Cevaplandı | R104: Doğru cevap | S104: Evet | T104: Evet | U104: Cevaplandı | V104: Doğru cevap | W104: Evet | X104: Evet | Y104: Cevaplandı | Z104: Doğru cevap | AA104: Evet | AB104: Evet
A105: q110 | B105: Tek belge | C105: Yenilik Destek Programı projesinde bursiyerim; aynı anda TÜBİTAK'ın başka bir programından da burs alabilir miyim? | D105: Cevap | E105: Cevaplandı | F105: Yanlış cevap | G105: Hayır | I105: Cevaplandı | J105: Yanlış cevap | K105: Hayır | M105: Cevaplandı | N105: Doğru cevap | O105: Evet | Q105: Cevaplandı | R105: Yanlış cevap | S105: Hayır | U105: Cevaplandı | V105: Doğru cevap | W105: Evet | Y105: Cevaplandı | Z105: Doğru cevap | AA105: Evet
A106: q111 | B106: Belirsiz | C106: Başvuruyu ortaklı yapmak zorunlu mu? | D106: Cevap | E106: Cevaplandı | F106: Yanlış cevap | G106: Evet | I106: Cevaplandı | J106: Yanlış cevap | K106: Hayır | M106: Cevaplandı | N106: Yanlış cevap | O106: Hayır | Q106: Cevaplandı | R106: Yanlış cevap | S106: Hayır | U106: Cevaplandı | V106: Yanlış cevap | W106: Evet | Y106: Cevaplandı | Z106: Yanlış cevap | AA106: Hayır | AC106: Programlara göre ayrım yok; 1507/1505/1709 zorunlulukları eksik | AD106: Ayrım yok; kaynak çağrıda işbirliği yapısı varsa zorunlu diyor
A108: Claude kararı: 624 cevabın Claude (Opus) ile tek tek incelenmesi. Cevaplanabilir soru cevaplandıysa Doğru cevap / Yanlış cevap ve kaynağa sadık mı; cevaplanabilir soru reddedildiyse Gereksiz ret (hatanın yeri: arama = kanıt ilk 5'te yok, üretim = kanıt ilk 5'te vardı, belirsiz); cevapsız / kapsam dışı soruda Doğru ret ya da Uydurma (cevap metninde "kaynakta yok" diyen cevap da doğru ret sayılır).
A109: Sistem durumu: koşunun kaydettiği durum ve ret nedeni (kapsam kontrolü, skor eşiği, sayı denetimi, atıf denetimi ya da modelin kendisi).
A110: Beklenen sayılar cevapta: kural tabanlı kontrol; beklenen her sayı cevapta tam sayı olarak geçiyor mu (beklenen sayısı olan 69 soru; ret = Hayır).
A111: Kaynağa sadık "Kararsız": inceleme sadakat konusunda karar vermedi; sadakat oranına katılmaz.

Sheet Hata Örnekleri
A1: No | B1: ID | C1: Soru | D1: Yapılandırma | E1: Sistem ne yaptı | F1: Doğrusu | G1: Hata türü | H1: Neden | I1: Durum | J1: Çözüm / öneri | K1: Artefakt kontrolü (koşu dosyası + Claude kararı)
A2: 1 | B2: q001 | C2: KOBİ olarak 1507 programından proje desteği alırsam TÜBİTAK harcamalarımın en fazla yüzde kaçını karşılar? | D2: v0 – sabit pencere (512/64), dense arama | E2: Getirilen pencere yanlış madde etiketi taşıyor: %75 cümlesi 28. sıradaki "Madde 5" etiketli pencerede (Madde 5–7 birlikte). | F2: 1507 Uygulama Esasları Madde 7: her dönem için en fazla %75. | G2: Arama | H2: Sabit pencere başladığı yerin konumunu taşır; üç madde tek embedding'de ortalanır. | I2: Çözüldü | J2: v1+ yapı bazlı parçalama: her parça kendi maddesini taşır. | K2: v0: kanıt sırası 28; Cevaplandı; Claude: Doğru cevap
A3: 2 | B3: q010 | C3: 1512 Girişimcilik Destek Programında Aşama 2 iş planı faaliyetleri en fazla ne kadar sürebilir? | D3: v0 – sabit pencere (512/64), dense arama v0r – sabit pencere (512/64), dense arama + reranker | E3: v0: kanıt 29. sırada; cevap "en fazla 12 ay" (Aşama 1 çağrısından). | F3: Ek süreler dahil en fazla 18 ay (1512 Esasları). | G3: Arama | H3: Dense arama "1512" ve "Aşama" geçen her parçayı yakın buldu. | I3: Çözüldü | J3: v0r: reranker kanıtı 2. sıraya çıkardı, cevap 18 ay. | K3: v0: kanıt sırası 29; Cevaplandı; Claude: Yanlış cevap v0r: kanıt sırası 2; Cevaplandı; Claude: Doğru cevap
A4: 3 | B4: q033 | C4: 4008 projesinde her bir etkinlik dönemi en az kaç gün olmalı? | D4: v1 – yapı bazlı parçalama + bağlam başlığı, dense arama v2 – yapı bazlı parçalama + bağlam başlığı, hibrit arama (BM25 + dense, RRF) (+1 koşu daha) | E4: v1: ilk 5'te 4005/4004/4007 çağrılarının benzer bölümleri, kanıt 16. sırada; cevap "en az 1 gün". | F4: En az 4 gün (4008 çağrı metni). | G4: Arama | H4: Bilim ve toplum çağrıları neredeyse aynı şablonla yazılmış. | I4: Çözüldü | J4: v2: BM25 kanıtı 4. sıraya taşıdı; v3'te 1. sırada. | K4: v1: kanıt sırası 16; Cevaplandı; Claude: Yanlış cevap v2: kanıt sırası 4; Cevaplandı; Claude: Doğru cevap v3: kanıt sırası 1; Cevaplandı; Claude: Doğru cevap
A5: 4 | B5: q059 | C5: 1707 Sipariş Ar-Ge çağrısında proje bütçesi üst sınırı ne kadar? | D5: v0 – sabit pencere (512/64), dense arama v1 – yapı bazlı parçalama + bağlam başlığı, dense arama | E5: v0: 2024 tarihli üst limit tablosu geldi, güncel 2026-3 çağrısı 30 adayda yok; cevap "5.000.000 TL". | F5: 10.000.000 TL (güncel 1707 çağrısı). | G5: Arama | H5: Eski sürüm (tablo) öne çıktı, güncel belge havuza girmedi. | I5: Çözüldü | J5: v1'den itibaren güncel çağrı ilk 5'te. | K5: v0: kanıt sırası —; Cevaplandı; Claude: Yanlış cevap v1: kanıt sırası 4; Cevaplandı; Claude: Doğru cevap
A6: 5 | B6: q053 | C6: 1004 Mükemmeliyet Merkezi programında KOBİ ortağa uygulanacak destek oranı ve araştırma programının azami süresi nedir? | D6: v3 – yapı bazlı parçalama + bağlam başlığı, hibrit arama (BM25 + dense, RRF) + reranker v2 – yapı bazlı parçalama + bağlam başlığı, hibrit arama (BM25 + dense, RRF) | E6: v3: süre kanıtı 3., KOBİ oranı kanıtı 6. sırada; model "kaynaklarda yok" dedi. v2: %100'ü (kamu oranı) KOBİ'ye mal etti. | F6: KOBİ için %75'e kadar; süre en fazla 48 ay. | G6: Arama | H6: Dil modeline yalnız ilk 5 parça gider; iki parçalı soruda bir kanıt dışarıda kaldı. | I6: Açık | J6: Alt sorulara bölme ya da çok parçalı soruda daha fazla parça. | K6: v3: kanıt sırası 6/3; Ret: bilgi yok (model); Claude: Gereksiz ret (arama) v2: kanıt sırası 8/2; Cevaplandı; Claude: Yanlış cevap
A7: 6 | B7: q036 | C7: TÜBİTAK başvurumun reddine itiraz etmek için kaç günüm var? | D7: v3 – yapı bazlı parçalama + bağlam başlığı, hibrit arama (BM25 + dense, RRF) + reranker | E7: v3: İtiraz Yönetmeliği süre maddesi 3. sırada; 4007/4008 çağrıları ilk 5'i doldurdu, model 4007 çağrısına atıf yaptı (sayı doğru; Claude: doğru cevap). | F7: 15 gün; genel kural İtiraz Yönetmeliği'nde (tebliğden itibaren). | G7: Arama | H7: Tekrar eden içerik ilk 5'i dolduruyor; kaynak doğru ama dar. | I7: Açık | J7: Belge başına parça sınırı / çeşitlendirme (MMR). | K7: v3: kanıt sırası 3; Cevaplandı; Claude: Doğru cevap
A8: 7 | B8: q069 | C8: TÜBİTAK projelerinde proje süresi en fazla kaç ay olabilir? | D8: v3 – yapı bazlı parçalama + bağlam başlığı, hibrit arama (BM25 + dense, RRF) + reranker | E8: v3: rastgele programların "destek süresi" maddeleri geldi; beklenen kanıtların hiçbiri 30 adayda yok. | F8: Programa göre değişir: 1001'de 36 ay, 1005'te 18 ay, 1002-A'da 12 ay. | G8: Arama | H8: Belirsiz soru tek bir sorgu olarak arandı. | I8: Açık | J8: Belirsizliği fark edip programlara göre alt sorgu ya da kullanıcıya sorma. | K8: v3: kanıt sırası —/—/—; Cevaplandı; Claude: Yanlış cevap
A9: 8 | B9: q052 | C9: Patent desteği için bireysel olarak yılda kaç başvuruda destek alabilirim ve ulusal patent başvuruları hâlâ destekleniyor mu? | D9: v3 – yapı bazlı parçalama + bağlam başlığı, hibrit arama (BM25 + dense, RRF) + reranker | E9: v3: 3. ve 4. kaynağın belge adı "Sıkça sorulan sorular için tıklayınız." | F9: Belge adı program/SSS başlığı olmalı. | G9: Arama (veri/başlık) | H9: Başlık bağlantı metninden alınmış; 7.017 parçanın 204'ünde "tıklayınız". | I9: Açık | J9: Manifestte başlıklar elle düzeltilmeli. | K9: v3: kanıt sırası 2/11; Cevaplandı; Claude: Yanlış cevap
A10: 9 | B10: q083 | C10: 2211 Yurt İçi Doktora Bursu kapsamında ayda kaç TL burs ödeniyor? | D10: Altı koşunun hepsi (v0 … v3b) | E10: Altı koşunun altısında tutar uyduruldu (v3: "ayda 7.000 TL", v0/v0r/v3b: "32.500 TL", v2: "60.000 ABD doları"). | F10: Bilgi bulunamadı (2211 aylık burs tutarı corpus'ta yok). | G10: Denetim (eşik + sayı denetimi) | H10: Tutarlar kaynakta proje bursiyeri limiti olarak geçiyor; sayı denetimi yalnız varlığı kontrol ediyor, eşik (−2) kapıyı açtı. | I10: Açık | J10: Anlam düzeyinde denetim; eşiğin doğrulama kümesiyle ayarlanması. | K10: v0: alıntı yok; Cevaplandı; Claude: Uydurma v0r: alıntı yok; Cevaplandı; Claude: Uydurma v1: alıntı yok; Cevaplandı; Claude: Uydurma v2: alıntı yok; Cevaplandı; Claude: Uydurma v3: alıntı yok; Cevaplandı; Claude: Uydurma v3b: alıntı yok; Cevaplandı; Claude: Uydurma
A11: 10 | B11: q091 | C11: TÜBİTAK 1001 projelerinde 2026 yılı için proje yürütücüsüne ödenecek aylık PTİ üst sınırı kaç TL? | D11: Altı koşunun hepsi (v0 … v3b) | E11: Altı koşunun altısında uydurma: beşinde "43.500 TL" (kaynakta doktora sonrası araştırmacı bursu), v0r'de "25.000 TL". | F11: Bilgi bulunamadı (1001 PTİ üst sınırı corpus'ta yok). | G11: Denetim (sayı denetimi) | H11: Sayı kaynakta geçiyor ama başka anlamda. | I11: Açık | J11: Anlam düzeyinde denetim. | K11: v0: alıntı yok; Cevaplandı; Claude: Uydurma v0r: alıntı yok; Cevaplandı; Claude: Uydurma v1: alıntı yok; Cevaplandı; Claude: Uydurma v2: alıntı yok; Cevaplandı; Claude: Uydurma v3: alıntı yok; Cevaplandı; Claude: Uydurma v3b: alıntı yok; Cevaplandı; Claude: Uydurma
A12: 11 | B12: q011 | C12: BiGG Yatırım 2026-2 çağrısında TÜBİTAK BİGG Fonu girişim şirketine ne kadar yatırım yapıyor ve karşılığında kaç hisse alıyor? | D12: v3 – yapı bazlı parçalama + bağlam başlığı, hibrit arama (BM25 + dense, RRF) + reranker | E12: v3: "%3 hisse karşılığında 900.000 TL" (eski SSS değeri). | F12: %3 pay karşılığında 1.350.000 TL; kanıt 3. sıradaydı. | G12: Üretim | H12: Arama doğruydu, sürüm tarihleri prompt'taydı; model eski değeri seçti. | I12: Açık | J12: Değerler çatışınca en yeni tarihli kaynağı öne alan kural. | K12: v3: kanıt sırası 3; Cevaplandı; Claude: Yanlış cevap
A13: 12 | B13: q066 | C13: BiGG kapsamında girişim şirketine sağlanan destek miktarı ne kadar? Eski tabloda 900 bin TL görmüştüm. | D13: Altı koşunun hepsi (v0 … v3b) | E13: Altı koşunun hepsinde 900.000 TL; sorudaki "eski tabloda 900 bin" varsayımı onaylandı. | F13: Güncel tutar 1.350.000 TL; 900.000 TL önceki dönemler. | G13: Üretim | H13: Kullanıcının verdiği sayı kaynakta da geçtiği için model onu doğruladı. | I13: Açık | K13: v0: kanıt sırası 23; Cevaplandı; Claude: Yanlış cevap v0r: kanıt sırası 24; Cevaplandı; Claude: Yanlış cevap v1: kanıt sırası 12; Cevaplandı; Claude: Yanlış cevap v2: kanıt sırası 5; Cevaplandı; Claude: Yanlış cevap v3: kanıt sırası 9; Cevaplandı; Claude: Yanlış cevap v3b: kanıt sırası 10; Cevaplandı; Claude: Yanlış cevap
A14: 13 | B14: q079 | C14: 1507 programında 2027 yılı için belirlenen proje bütçesi üst limiti kaç TL? | D14: v0r – sabit pencere (512/64), dense arama + reranker v1 – yapı bazlı parçalama + bağlam başlığı, dense arama (+3 koşu daha) | E14: v0r ve v1: güncel 3.500.000 TL limiti 2027'ye mal edildi; v2, v3, v3b doğru reddetti. | F14: Bilgi bulunamadı (2027 limiti yok). | G14: Üretim | H14: Sorudaki yıl varsayımı mevcut değere bağlandı. | I14: Açık | J14: v2–v3b'de doğru ret. | K14: v0r: alıntı yok; Cevaplandı; Claude: Uydurma v1: alıntı yok; Cevaplandı; Claude: Uydurma v2: alıntı yok; Ret: bilgi yok (model); Claude: Doğru ret v3: alıntı yok; Ret: bilgi yok (model); Claude: Doğru ret v3b: alıntı yok; Ret: bilgi yok (model); Claude: Doğru ret
A15: 14 | B15: q052 | C15: Patent desteği için bireysel olarak yılda kaç başvuruda destek alabilirim ve ulusal patent başvuruları hâlâ destekleniyor mu? | D15: Altı koşunun hepsi (v0 … v3b) | E15: v3: "yılda en fazla 5 başvuru … Ulusal patent başvuruları hâlâ desteklenmektedir." Altı koşunun altısında. | F15: Yılda 5 doğru; ama 2019'dan beri ulusal patent desteği başvuruya kapalı. | G15: Üretim | H15: Model "hâlâ … mu?" kalıbına olumlu cevap verdi; 4. kaynak tersini söylüyordu. | I15: Açık | J15: Güçlü model ya da evet/hayır cevaplarını kaynağa karşı denetleme. | K15: v0: kanıt sırası 8/7; Cevaplandı; Claude: Yanlış cevap v0r: kanıt sırası 4/5; Cevaplandı; Claude: Yanlış cevap v1: kanıt sırası 5/21; Cevaplandı; Claude: Yanlış cevap v2: kanıt sırası 5/15; Cevaplandı; Claude: Yanlış cevap v3: kanıt sırası 2/11; Cevaplandı; Claude: Yanlış cevap v3b: kanıt sırası 2/13; Cevaplandı; Claude: Yanlış cevap
A16: 15 | B16: q028 | C16: 2224-A desteğinden aynı yıl içinde ikinci kez yararlanabilir miyim? | D16: v3 – yapı bazlı parçalama + bağlam başlığı, hibrit arama (BM25 + dense, RRF) + reranker | E16: v3: "Evet, aynı yıl içinde ikinci kez yararlanabilirsiniz" (4001 kitapçığından). | F16: Hayır; o yıl 2224-A'dan yararlanmamış olmak başvuru koşulu. | G16: Üretim | H16: 1. ve 3. sıradaki 4001 kuralı 2224-A'ya uygulandı. | I16: Açık | K16: v3: kanıt sırası —; Cevaplandı; Claude: Yanlış cevap
A17: 16 | B17: q003 | C17: 1501 projesinde doktoralı bir personelin aylık maliyeti beyan edilirken brüt asgari ücretin kaç katıyla sınırlandırılır? Lisans mezunu için durum nedir? | D17: v3 – yapı bazlı parçalama + bağlam başlığı, hibrit arama (BM25 + dense, RRF) + reranker | E17: v3: lisans mezunu için başka programın "10 katı / 6 katı" değerleri yazıldı. | F17: Doktoralı 12 kat, lisans 8 kat (kanıt 1. sıradaydı). | G17: Üretim | H17: Programlar karıştırıldı. | I17: Açık | K17: v3: kanıt sırası 1; Cevaplandı; Claude: Yanlış cevap
A18: 17 | B18: q070 | C18: Destek oranı yüzde kaç? | D18: v1 – yapı bazlı parçalama + bağlam başlığı, dense arama v2 – yapı bazlı parçalama + bağlam başlığı, hibrit arama (BM25 + dense, RRF) (+2 koşu daha) | E18: "Destek oranı %75'tir [1]." (1. sıradaki 1507 SSS'i genel kural gibi verildi) | F18: Programa göre değişir: 1501 büyük %60 / KOBİ %75; 1507 her dönem en fazla %75. | G18: Üretim | H18: Belirsiz 10 sorunun hiçbirinde, hiçbir koşuda cevap programlara ayrılmadı. | I18: Açık | J18: Program sorulmalı ya da cevap programlara göre listelenmeli. | K18: v1: kanıt sırası 17/—/10; Cevaplandı; Claude: Yanlış cevap v2: kanıt sırası 13/19/10; Cevaplandı; Claude: Yanlış cevap v3: kanıt sırası 5/13/12; Cevaplandı; Claude: Yanlış cevap v3b: kanıt sırası 6/13/12; Cevaplandı; Claude: Yanlış cevap
A19: 18 | B19: q039 | C19: 5746 sayılı Kanuna göre doktoralı Ar-Ge personelinin gelir vergisi stopajının yüzde kaçı terkin edilir? | D19: v0r – sabit pencere (512/64), dense arama + reranker v1 – yapı bazlı parçalama + bağlam başlığı, dense arama (+3 koşu daha) | E19: Kanıt 1. sırada (v1–v3b) olduğu hâlde cevap sayı denetimiyle reddedildi (v0r–v3b). | F19: %95 ("yüzde doksan beşi"). | G19: Denetim (sayı denetimi) | H19: Desen ekli sayı sözcüğünü ("beşi") tanımıyordu: kaynaktan 90, cevaptan 95. | I19: Kodda çözüldü | J19: Desen artık ekleri kabul ediyor; altı koşu düzeltmeden önce yapıldı. | K19: v0r: kanıt sırası 4; Ret: dayanaksız sayı; Claude: Gereksiz ret (üretim) v1: kanıt sırası 1; Ret: dayanaksız sayı; Claude: Gereksiz ret (belirsiz) v2: kanıt sırası 1; Ret: dayanaksız sayı; Claude: Gereksiz ret (belirsiz) v3: kanıt sırası 1; Ret: dayanaksız sayı; Claude: Gereksiz ret (belirsiz) v3b: kanıt sırası 1; Ret: dayanaksız sayı; Claude: Gereksiz ret (belirsiz)
A20: 19 | B20: q032 | C20: 4006-A bilim fuarında 20 alt proje sergilenecekse okulumuza toplam ne kadar destek ödenir? | D20: v1 – yapı bazlı parçalama + bağlam başlığı, dense arama v2 – yapı bazlı parçalama + bağlam başlığı, hibrit arama (BM25 + dense, RRF) (+1 koşu daha) | E20: v1: formül 1. sıradaydı, model doğru hesapladı (22.000 TL) ama sayı ilk 5'te geçmediği için reddedildi. | F20: 22.000 TL; v2 ve v3'te örnek tutar ilk 5'e girdi ve cevap geçti. | G20: Denetim (sayı denetimi) | H20: Denetim hesaplanmış sayıyı tanımıyor. | I20: Açık | K20: v1: kanıt sırası 1/6; Ret: dayanaksız sayı; Claude: Gereksiz ret (üretim) v2: kanıt sırası 1/3; Cevaplandı; Claude: Doğru cevap v3: kanıt sırası 3/1; Cevaplandı; Claude: Doğru cevap
A21: 20 | B21: q027 | C21: 2213 Yurt Dışı Lisansüstü Burs Programında yurt dışında toplam ne kadar süre burs alınabilir? | D21: v3 – yapı bazlı parçalama + bağlam başlığı, hibrit arama (BM25 + dense, RRF) + reranker v3b – v3 ile aynı, embedding modeli bge-m3 | E21: v3 ve v3b: kanıt 1. sıradaydı, model atıf koymadı, atıf denetimi cevabı reddetti. | F21: Toplam 24 aya kadar burs. | G21: Denetim (atıf denetimi) | H21: Atıfsız cevap reddedilir. | I21: Açık | K21: v3: kanıt sırası 1; Ret: atıfsız cevap; Claude: Gereksiz ret (belirsiz) v3b: kanıt sırası 1; Ret: atıfsız cevap; Claude: Gereksiz ret (belirsiz)
A22: 21 | B22: q012 | C22: BiGG Yatırım hızlandırma programına kabul edilmek için iş fikrimin değerlendirmede kaç puan alması gerekiyor? | D22: Altı koşunun hepsi (v0 … v3b) | E22: Altı koşunun hepsinde "kapsam dışı"; arama hiç yapılmadı. | F22: Her boyuttan (10 üzerinden) en az 7 puan. | G22: Denetim (kapsam kontrolü) | H22: Sorudaki terimler sözlükte yok ("BiGG"); LLM sınıflandırıcı da kapsam dışı dedi. | I22: Açık | J22: Sözlüğe program adları; emin olunamazsa aramaya bırakmak. | K22: v0: arama yok; Ret: kapsam dışı; Claude: Gereksiz ret (üretim) v0r: arama yok; Ret: kapsam dışı; Claude: Gereksiz ret (üretim) v1: arama yok; Ret: kapsam dışı; Claude: Gereksiz ret (üretim) v2: arama yok; Ret: kapsam dışı; Claude: Gereksiz ret (üretim) v3: arama yok; Ret: kapsam dışı; Claude: Gereksiz ret (üretim) v3b: arama yok; Ret: kapsam dışı; Claude: Gereksiz ret (üretim)
A23: 22 | B23: q077 | C23: Değerlendirmede geçme puanı kaç? | D23: Altı koşunun hepsi (v0 … v3b) | E23: "Değerlendirmede geçme puanı kaç?" kapsam dışı sayıldı. | F23: Soru bağlamsız; doğru davranış netleştirme sormaktı. | G23: Denetim (kapsam kontrolü) | H23: Bağlamsız soru kapsam dışı sınıflandırıldı. | I23: Açık | K23: v0: arama yok; Ret: kapsam dışı; Claude: Gereksiz ret (üretim) v0r: arama yok; Ret: kapsam dışı; Claude: Gereksiz ret (üretim) v1: arama yok; Ret: kapsam dışı; Claude: Gereksiz ret (üretim) v2: arama yok; Ret: kapsam dışı; Claude: Gereksiz ret (üretim) v3: arama yok; Ret: kapsam dışı; Claude: Gereksiz ret (üretim) v3b: arama yok; Ret: kapsam dışı; Claude: Gereksiz ret (üretim)
A25: Kaynak: docs/RAG-GELISTIRME-REHBERI.md §6. Son sütun koşu dosyalarından (per_question.jsonl) ve Claude incelemesinden otomatik üretilir: kanıt sırası = her kanıt alıntısının 30 aday içindeki sırası (— = yok).

Sheet Birim Testleri
A1: Modül (paket yolu) | B1: Dosya | C1: Sınıf | D1: Test adı | E1: Sonuç | F1: Süre (s) | G1: Açıklama (docstring) / xfail nedeni
A2: tests/unit/adapters | B2: test_anthropic_llm.py | D2: test_is_an_llm | E2: Geçti | F2: 0.003
A3: tests/unit/adapters | B3: test_anthropic_llm.py | D3: test_uses_effort_not_temperature | E3: Geçti | F3: 0.001
A4: tests/unit/adapters | B4: test_anthropic_llm.py | D4: test_json_schema_goes_to_output_config_format | E4: Geçti | F4: 0.001
A5: tests/unit/adapters | B5: test_anthropic_llm.py | D5: test_server_side_refusal_fallback_enabled | E5: Geçti | F5: 0.001
A6: tests/unit/adapters | B6: test_anthropic_llm.py | D6: test_returns_text_blocks_only | E6: Geçti | F6: 0.001
A7: tests/unit/adapters | B7: test_anthropic_llm.py | D7: test_refusal_raises_llm_error | E7: Geçti | F7: 0.001
A8: tests/unit/adapters | B8: test_anthropic_llm.py | D8: test_max_tokens_stop_raises_llm_error | E8: Geçti | F8: 0.001
A9: tests/unit/adapters | B9: test_anthropic_llm.py | D9: test_installed_sdk_supports_the_parameters_we_send | E9: Geçti | F9: 3.269 | G9: Contract check against the real SDK signature: no client, no key, no network.
A10: tests/unit/adapters | B10: test_anthropic_llm.py | D10: test_api_error_raises_llm_error | E10: Geçti | F10: 0.001
A11: tests/unit/adapters | B11: test_anthropic_llm.py | D11: test_missing_sdk_gives_turkish_hint | E11: Geçti | F11: 0.001
A12: tests/unit/adapters | B12: test_bm25s_index.py | D12: test_is_a_lexical_index | E12: Geçti | F12: 0.581
A13: tests/unit/adapters | B13: test_bm25s_index.py | D13: test_build_search_returns_best_chunk | E13: Geçti | F13: 0.018
A14: tests/unit/adapters | B14: test_bm25s_index.py | D14: test_search_matches_program_code | E14: Geçti | F14: 0.003
A15: tests/unit/adapters | B15: test_bm25s_index.py | D15: test_search_returns_only_positive_scores | E15: Geçti | F15: 0.005
A16: tests/unit/adapters | B16: test_bm25s_index.py | D16: test_k_larger_than_corpus | E16: Geçti | F16: 0.004
A17: tests/unit/adapters | B17: test_bm25s_index.py | D17: test_len_is_number_of_chunks | E17: Geçti | F17: 0.005
A18: tests/unit/adapters | B18: test_bm25s_index.py | D18: test_build_uses_embed_text | E18: Geçti | F18: 0.002
A19: tests/unit/adapters | B19: test_bm25s_index.py | D19: test_save_load_roundtrip | E19: Geçti | F19: 0.058
A20: tests/unit/adapters | B20: test_bm25s_index.py | D20: test_load_rejects_other_stemming_setting | E20: Geçti | F20: 0.011
A21: tests/unit/adapters | B21: test_bm25s_index.py | D21: test_custom_k1_b_are_saved | E21: Geçti | F21: 0.014
... A140: tests/unit/adapters | B140: test_transformers_llm.py | D140: test_invalid_dtype_is_rejected | E140: Geçti | F140: 0.001
A141: tests/unit/adapters | B141: test_transformers_llm.py | D141: test_factory_builds_it_from_config | E141: Geçti | F141: 0.001 | G141: ``llm.model`` is the Hub id; device, dtype and token limit come from ``llm.transformers``.
A142: tests/unit/chunking | B142: test_cache.py | D142: test_roundtrip | E142: Geçti | F142: 0.011
A143: tests/unit/chunking | B143: test_cache.py | D143: test_miss_when_settings_differ | E143: Geçti | F143: 0.011
A144: tests/unit/chunking | B144: test_cache.py | D144: test_miss_when_parsed_document_changed_with_same_file | E144: Geçti | F144: 0.005
A145: tests/unit/chunking | B145: test_cache.py | D145: test_miss_when_file_is_corrupt | E145: Geçti | F145: 0.007
A146: tests/unit/chunking | B146: test_cache.py | D146: test_chunk_documents_uses_cache | E146: Geçti | F146: 0.011
A147: tests/unit/chunking | B147: test_cache.py | D147: test_chunk_documents_without_cache | E147: Geçti | F147: 0.001
A148: tests/unit/chunking | B148: test_cache.py | D148: test_chunker_key_variants[structural-True-structural_ctx] | E148: Geçti | F148: 0.001
A149: tests/unit/chunking | B149: test_cache.py | D149: test_chunker_key_variants[structural-False-structural] | E149: Geçti | F149: 0.001
A150: tests/unit/chunking | B150: test_cache.py | D150: test_chunker_key_variants[fixed-True-fixed_ctx] | E150: Geçti | F150: 0.001
A151: tests/unit/chunking | B151: test_cache.py | D151: test_chunker_key_variants[fixed-False-fixed] | E151: Geçti | F151: 0.001
A152: tests/unit/chunking | B152: test_cache.py | D152: test_chunk_settings_change_with_parameters | E152: Geçti | F152: 0.001
A153: tests/unit/chunking | B153: test_cache.py | D153: test_failed_write_keeps_previous_entry | E153: Geçti | F153: 0.006
... A460: tests/unit/guardrails | B460: test_postprocess.py | D460: test_no_missing_part_leaves_text[ ] | E460: Geçti | F460: 0.001
A461: tests/unit/guardrails | B461: test_question_grounding_security.py | D461: test_question_quantity_cannot_ground_an_unsupported_claim[percentage-strip] | E461: Beklenen hata (xfail) | F461: 0.002 | G461: Open issue: grounding_tokens accepts unsupported quantities from the question
A462: tests/unit/guardrails | B462: test_question_grounding_security.py | D462: test_question_quantity_cannot_ground_an_unsupported_claim[percentage-reject] | E462: Beklenen hata (xfail) | F462: 0.002 | G462: Open issue: grounding_tokens accepts unsupported quantities from the question
A463: tests/unit/guardrails | B463: test_question_grounding_security.py | D463: test_question_quantity_cannot_ground_an_unsupported_claim[percentage-in-words-strip] | E463: Beklenen hata (xfail) | F463: 0.002 | G463: Open issue: grounding_tokens accepts unsupported quantities from the question
A464: tests/unit/guardrails | B464: test_question_grounding_security.py | D464: test_question_quantity_cannot_ground_an_unsupported_claim[percentage-in-words-reject] | E464: Beklenen hata (xfail) | F464: 0.002 | G464: Open issue: grounding_tokens accepts unsupported quantities from the question
A465: tests/unit/guardrails | B465: test_question_grounding_security.py | D465: test_question_quantity_cannot_ground_an_unsupported_claim[amount-strip] | E465: Beklenen hata (xfail) | F465: 0.002 | G465: Open issue: grounding_tokens accepts unsupported quantities from the question
A466: tests/unit/guardrails | B466: test_question_grounding_security.py | D466: test_question_quantity_cannot_ground_an_unsupported_claim[amount-reject] | E466: Beklenen hata (xfail) | F466: 0.001 | G466: Open issue: grounding_tokens accepts unsupported quantities from the question
A467: tests/unit/guardrails | B467: test_question_grounding_security.py | D467: test_question_quantity_cannot_ground_an_unsupported_claim[duration-strip] | E467: Beklenen hata (xfail) | F467: 0.002 | G467: Open issue: grounding_tokens accepts unsupported quantities from the question
A468: tests/unit/guardrails | B468: test_question_grounding_security.py | D468: test_question_quantity_cannot_ground_an_unsupported_claim[duration-reject] | E468: Beklenen hata (xfail) | F468: 0.002 | G468: Open issue: grounding_tokens accepts unsupported quantities from the question
A469: tests/unit/guardrails | B469: test_question_grounding_security.py | D469: test_question_quantity_cannot_ground_an_unsupported_claim[deadline-strip] | E469: Beklenen hata (xfail) | F469: 0.002 | G469: Open issue: grounding_tokens accepts unsupported quantities from the question
A470: tests/unit/guardrails | B470: test_question_grounding_security.py | D470: test_question_quantity_cannot_ground_an_unsupported_claim[deadline-reject] | E470: Beklenen hata (xfail) | F470: 0.001 | G470: Open issue: grounding_tokens accepts unsupported quantities from the question
A471: tests/unit/guardrails | B471: test_question_grounding_security.py | D471: test_question_with_a_false_premise_can_receive_a_source_supported_answer[percentage-strip] | E471: Geçti | F471: 0.001
A472: tests/unit/guardrails | B472: test_question_grounding_security.py | D472: test_question_with_a_false_premise_can_receive_a_source_supported_answer[percentage-reject] | E472: Geçti | F472: 0.001
A473: tests/unit/guardrails | B473: test_question_grounding_security.py | D473: test_question_with_a_false_premise_can_receive_a_source_supported_answer[percentage-in-words-strip] | E473: Geçti | F473: 0.002
A474: tests/unit/guardrails | B474: test_question_grounding_security.py | D474: test_question_with_a_false_premise_can_receive_a_source_supported_answer[percentage-in-words-reject] | E474: Geçti | F474: 0.002
A475: tests/unit/guardrails | B475: test_question_grounding_security.py | D475: test_question_with_a_false_premise_can_receive_a_source_supported_answer[amount-strip] | E475: Geçti | F475: 0.001
A476: tests/unit/guardrails | B476: test_question_grounding_security.py | D476: test_question_with_a_false_premise_can_receive_a_source_supported_answer[amount-reject] | E476: Geçti | F476: 0.001
A477: tests/unit/guardrails | B477: test_question_grounding_security.py | D477: test_question_with_a_false_premise_can_receive_a_source_supported_answer[duration-strip] | E477: Geçti | F477: 0.001
A478: tests/unit/guardrails | B478: test_question_grounding_security.py | D478: test_question_with_a_false_premise_can_receive_a_source_supported_answer[duration-reject] | E478: Geçti | F478: 0.001
A479: tests/unit/guardrails | B479: test_question_grounding_security.py | D479: test_question_with_a_false_premise_can_receive_a_source_supported_answer[deadline-strip] | E479: Geçti | F479: 0.001
A480: tests/unit/guardrails | B480: test_question_grounding_security.py | D480: test_question_with_a_false_premise_can_receive_a_source_supported_answer[deadline-reject] | E480: Geçti | F480: 0.001
A481: tests/unit/guardrails | B481: test_question_grounding_security.py | D481: test_suggested_quantity_is_allowed_when_a_source_actually_supports_it[strip] | E481: Geçti | F481: 0.001
A482: tests/unit/guardrails | B482: test_question_grounding_security.py | D482: test_suggested_quantity_is_allowed_when_a_source_actually_supports_it[reject] | E482: Geçti | F482: 0.002
A483: tests/unit/guardrails | B483: test_question_grounding_security.py | D483: test_pipeline_does_not_publish_a_quantity_supported_only_by_the_question[strip] | E483: Beklenen hata (xfail) | F483: 0.003 | G483: Open issue: grounding_tokens accepts unsupported quantities from the question
A484: tests/unit/guardrails | B484: test_question_grounding_security.py | D484: test_pipeline_does_not_publish_a_quantity_supported_only_by_the_question[reject] | E484: Beklenen hata (xfail) | F484: 0.002 | G484: Open issue: grounding_tokens accepts unsupported quantities from the question
A485: tests/unit/guardrails | B485: test_scope.py | D485: test_lexicon_accepts_program_code_question[1507'de destek oran\u0131 nedir?] | E485: Geçti | F485: 0.002
A486: tests/unit/guardrails | B486: test_scope.py | D486: test_lexicon_accepts_program_code_question[T\xdcB\u0130TAK projelerinde personel gideri desteklenir mi?] | E486: Geçti | F486: 0.001
A487: tests/unit/guardrails | B487: test_scope.py | D487: test_lexicon_accepts_program_code_question[Teknoloji geli\u015ftirme b\xf6lgesinde \xe7al\u0131\u015fan personelin gelir vergisi istisnas\u0131 var m\u0131?] | E487: Geçti | F487: 0.001
A488: tests/unit/guardrails | B488: test_scope.py | D488: test_lexicon_accepts_program_code_question[ARGE merkezi kurmak i\xe7in ka\xe7 personel gerekir?] | E488: Geçti | F488: 0.002
A489: tests/unit/guardrails | B489: test_scope.py | D489: test_lexicon_accepts_program_code_question[Bursiyer \xf6demeleri nas\u0131l yap\u0131l\u0131r?] | E489: Geçti | F489: 0.001
A490: tests/unit/guardrails | B490: test_scope.py | D490: test_lexicon_accepts_program_code_question[Yaz\u0131l\u0131m firmas\u0131 gelir vergisi stopaj\u0131 istisnas\u0131ndan nas\u0131l yararlan\u0131r?] | E490: Geçti | F490: 0.001
A491: tests/unit/guardrails | B491: test_scope.py | D491: test_lexicon_accepts_program_code_question[Doktora bursu ayl\u0131k ne kadar?] | E491: Geçti | F491: 0.001
A492: tests/unit/guardrails | B492: test_scope.py | D492: test_lexicon_accepts_program_code_question[Patent ve faydal\u0131 model masraflar\u0131 kar\u015f\u0131lan\u0131r m\u0131?] | E492: Geçti | F492: 0.001
A493: tests/unit/guardrails | B493: test_scope.py | D493: test_lexicon_accepts_program_code_question[Personel gideri hesab\u0131nda SGK i\u015fveren pay\u0131 dahil mi?] | E493: Geçti | F493: 0.001
A494: tests/unit/guardrails | B494: test_scope.py | D494: test_lexicon_accepts_program_code_question[Transfer \xf6demesi \xf6n \xf6deme oran\u0131 ka\xe7t\u0131r?] | E494: Geçti | F494: 0.001
A495: tests/unit/guardrails | B495: test_scope.py | D495: test_lexicon_accepts_program_code_question[Yeminli mali m\xfc\u015favir raporu ne zaman verilir?] | E495: Geçti | F495: 0.001
A496: tests/unit/guardrails | B496: test_scope.py | D496: test_lexicon_accepts_program_code_question[Mentor deste\u011fi \xfccretsiz mi?] | E496: Geçti | F496: 0.001
... A863: tests/unit/interfaces/gradio_app | B863: test_chat.py | D863: test_gpu_duration_depends_on_the_reranker_and_the_environment | E863: Geçti | F863: 0.002
A864: tests/unit/interfaces/gradio_app | B864: test_chat.py | D864: test_turns_are_plain_strings | E864: Geçti | F864: 0.002 | G864: ZeroGPU pickles arguments and results between processes: keep them plain.
A865: tests/unit/interfaces/gradio_app | B865: test_content.py | D865: test_option_label_default_and_speed_note | E865: Geçti | F865: 0.001
A866: tests/unit/interfaces/gradio_app | B866: test_content.py | D866: test_answer_lists_only_cited_sources_with_links_and_context | E866: Geçti | F866: 0.001
A867: tests/unit/interfaces/gradio_app | B867: test_content.py | D867: test_model_text_is_escaped | E867: Geçti | F867: 0.001
A868: tests/unit/interfaces/gradio_app | B868: test_content.py | D868: test_refusals_follow_the_web_texts | E868: Geçti | F868: 0.001
A869: tests/unit/interfaces/gradio_app | B869: test_content.py | D869: test_fake_backend_answer_renders | E869: Geçti | F869: 0.001
A870: tests/unit/interfaces/gradio_app | B870: test_content.py | D870: test_about_sections_mirror_the_web_page | E870: Geçti | F870: 0.004
A871: tests/unit/interfaces/gradio_app | B871: test_content.py | D871: test_footer | E871: Geçti | F871: 0.001
A872: tests/unit/interfaces/gradio_app | B872: test_gpu.py | D872: test_without_spaces_the_function_is_returned | E872: Geçti | F872: 0.001
A873: tests/unit/interfaces/gradio_app | B873: test_gpu.py | D873: test_with_spaces_the_function_is_wrapped_with_the_duration | E873: Geçti | F873: 0.001
A874: tests/unit/interfaces/gradio_app | B874: test_settings.py | D874: test_defaults_without_environment | E874: Geçti | F874: 0.001
A875: tests/unit/interfaces/gradio_app | B875: test_settings.py | D875: test_environment_is_read | E875: Geçti | F875: 0.001
A876: tests/unit/interfaces/gradio_app | B876: test_settings.py | D876: test_unknown_backend_is_a_config_error | E876: Geçti | F876: 0.001
... A923: tests/unit/interfaces | B923: test_cli.py | D923: test_progress_printer_throttles_and_shows_rate | E923: Geçti | F923: 0.001
A924: tests/unit/interfaces | B924: test_cli.py | D924: test_ingest_cli_output_fits_the_turkish_windows_codepage | E924: Geçti | F924: 0.022 | G924: Piped output (``| Tee-Object``) is encoded with cp1254 on Turkish Windows.
A925: tests/unit/interfaces | B925: test_cli.py | D925: test_ask_cli_prints_answer_and_sources | E925: Geçti | F925: 0.036
A926: tests/unit/interfaces | B926: test_cli.py | D926: test_ask_cli_json_prints_the_answer_model | E926: Geçti | F926: 0.02
A927: tests/unit/interfaces | B927: test_cli.py | D927: test_ask_cli_program_and_type_become_filters | E927: Geçti | F927: 0.019
A928: tests/unit/interfaces | B928: test_cli.py | D928: test_ask_cli_explains_a_refusal | E928: Geçti | F928: 0.018
A929: tests/unit/interfaces | B929: test_cli.py | D929: test_ask_cli_missing_index_exits_with_code_2 | E929: Geçti | F929: 0.019
A930: tests/unit/interfaces | B930: test_cli.py | D930: test_ask_cli_holds_gpu_lock_for_real_models | E930: Geçti | F930: 0.018
A931: tests/unit/interfaces | B931: test_cli.py | D931: test_ask_cli_refuses_to_start_while_gpu_lock_is_held | E931: Geçti | F931: 0.022
A932: tests/unit/interfaces | B932: test_cli.py | D932: test_ask_cli_end_to_end_with_fake_components | E932: Geçti | F932: 0.025
A933: tests/unit/interfaces | B933: test_cli.py | D933: test_ask_cli_output_fits_the_turkish_windows_codepage | E933: Geçti | F933: 0.032
A934: tests/unit/interfaces | B934: test_cli.py | D934: test_ask_cli_holds_gpu_lock_when_only_the_llm_is_real | E934: Geçti | F934: 0.022
A935: tests/unit/interfaces | B935: test_cli.py | D935: test_ask_cli_holds_gpu_lock_when_only_the_reranker_is_real | E935: Geçti | F935: 0.023
A936: tests/unit/interfaces | B936: test_cli.py | D936: test_ask_cli_skips_gpu_lock_when_every_model_is_fake | E936: Geçti | F936: 0.02
...

Sheet Birim Testleri Özeti
A1: Birim testleri – modüle göre özet
A2: Komut: python -m pytest tests/unit -q -rA --junitxml=junit.xml (çevrimdışı; GPU, Docker ve API çağrısı yok).
A4: Modül | B4: Dosya | C4: Test | D4: Geçti | E4: xfail | F4: Atlandı | G4: Başarısız | H4: Seçilmedi (integration)
A5: tests/unit | B5: 7 | C5: =COUNTIF('Birim Testleri'!$A$2:$A$1534,$A5) -> 167 | D5: =COUNTIFS('Birim Testleri'!$A$2:$A$1534,$A5,'Birim Testleri'!$E$2:$E$1534,"Geçti") -> 167 | E5: =COUNTIFS('Birim Testleri'!$A$2:$A$1534,$A5,'Birim Testleri'!$E$2:$E$1534,"Beklenen hata (xfail)") -> 0 | F5: =COUNTIFS('Birim Testleri'!$A$2:$A$1534,$A5,'Birim Testleri'!$E$2:$E$1534,"Atlandı") -> 0 | G5: =COUNTIFS('Birim Testleri'!$A$2:$A$1534,$A5,'Birim Testleri'!$E$2:$E$1534,"Başarısız") -> 0 | H5: =COUNTIFS('Birim Testleri'!$A$2:$A$1534,$A5,'Birim Testleri'!$E$2:$E$1534,"Seçilmedi (integration)") -> 0
A6: tests/unit/adapters | B6: 13 | C6: =COUNTIF('Birim Testleri'!$A$2:$A$1534,$A6) -> 140 | D6: =COUNTIFS('Birim Testleri'!$A$2:$A$1534,$A6,'Birim Testleri'!$E$2:$E$1534,"Geçti") -> 140 | E6: =COUNTIFS('Birim Testleri'!$A$2:$A$1534,$A6,'Birim Testleri'!$E$2:$E$1534,"Beklenen hata (xfail)") -> 0 | F6: =COUNTIFS('Birim Testleri'!$A$2:$A$1534,$A6,'Birim Testleri'!$E$2:$E$1534,"Atlandı") -> 0 | G6: =COUNTIFS('Birim Testleri'!$A$2:$A$1534,$A6,'Birim Testleri'!$E$2:$E$1534,"Başarısız") -> 0 | H6: =COUNTIFS('Birim Testleri'!$A$2:$A$1534,$A6,'Birim Testleri'!$E$2:$E$1534,"Seçilmedi (integration)") -> 0
A7: tests/unit/chunking | B7: 6 | C7: =COUNTIF('Birim Testleri'!$A$2:$A$1534,$A7) -> 66 | D7: =COUNTIFS('Birim Testleri'!$A$2:$A$1534,$A7,'Birim Testleri'!$E$2:$E$1534,"Geçti") -> 66 | E7: =COUNTIFS('Birim Testleri'!$A$2:$A$1534,$A7,'Birim Testleri'!$E$2:$E$1534,"Beklenen hata (xfail)") -> 0 | F7: =COUNTIFS('Birim Testleri'!$A$2:$A$1534,$A7,'Birim Testleri'!$E$2:$E$1534,"Atlandı") -> 0 | G7: =COUNTIFS('Birim Testleri'!$A$2:$A$1534,$A7,'Birim Testleri'!$E$2:$E$1534,"Başarısız") -> 0 | H7: =COUNTIFS('Birim Testleri'!$A$2:$A$1534,$A7,'Birim Testleri'!$E$2:$E$1534,"Seçilmedi (integration)") -> 0
A8: tests/unit/domain | B8: 9 | C8: =COUNTIF('Birim Testleri'!$A$2:$A$1534,$A8) -> 31 | D8: =COUNTIFS('Birim Testleri'!$A$2:$A$1534,$A8,'Birim Testleri'!$E$2:$E$1534,"Geçti") -> 31 | E8: =COUNTIFS('Birim Testleri'!$A$2:$A$1534,$A8,'Birim Testleri'!$E$2:$E$1534,"Beklenen hata (xfail)") -> 0 | F8: =COUNTIFS('Birim Testleri'!$A$2:$A$1534,$A8,'Birim Testleri'!$E$2:$E$1534,"Atlandı") -> 0 | G8: =COUNTIFS('Birim Testleri'!$A$2:$A$1534,$A8,'Birim Testleri'!$E$2:$E$1534,"Başarısız") -> 0 | H8: =COUNTIFS('Birim Testleri'!$A$2:$A$1534,$A8,'Birim Testleri'!$E$2:$E$1534,"Seçilmedi (integration)") -> 0
A9: tests/unit/evaluation | B9: 6 | C9: =COUNTIF('Birim Testleri'!$A$2:$A$1534,$A9) -> 99 | D9: =COUNTIFS('Birim Testleri'!$A$2:$A$1534,$A9,'Birim Testleri'!$E$2:$E$1534,"Geçti") -> 98 | E9: =COUNTIFS('Birim Testleri'!$A$2:$A$1534,$A9,'Birim Testleri'!$E$2:$E$1534,"Beklenen hata (xfail)") -> 0 | F9: =COUNTIFS('Birim Testleri'!$A$2:$A$1534,$A9,'Birim Testleri'!$E$2:$E$1534,"Atlandı") -> 0 | G9: =COUNTIFS('Birim Testleri'!$A$2:$A$1534,$A9,'Birim Testleri'!$E$2:$E$1534,"Başarısız") -> 0 | H9: =COUNTIFS('Birim Testleri'!$A$2:$A$1534,$A9,'Birim Testleri'!$E$2:$E$1534,"Seçilmedi (integration)") -> 1
A10: tests/unit/generation | B10: 3 | C10: =COUNTIF('Birim Testleri'!$A$2:$A$1534,$A10) -> 34 | D10: =COUNTIFS('Birim Testleri'!$A$2:$A$1534,$A10,'Birim Testleri'!$E$2:$E$1534,"Geçti") -> 34 | E10: =COUNTIFS('Birim Testleri'!$A$2:$A$1534,$A10,'Birim Testleri'!$E$2:$E$1534,"Beklenen hata (xfail)") -> 0 | F10: =COUNTIFS('Birim Testleri'!$A$2:$A$1534,$A10,'Birim Testleri'!$E$2:$E$1534,"Atlandı") -> 0 | G10: =COUNTIFS('Birim Testleri'!$A$2:$A$1534,$A10,'Birim Testleri'!$E$2:$E$1534,"Başarısız") -> 0 | H10: =COUNTIFS('Birim Testleri'!$A$2:$A$1534,$A10,'Birim Testleri'!$E$2:$E$1534,"Seçilmedi (integration)") -> 0
A11: tests/unit/guardrails | B11: 6 | C11: =COUNTIF('Birim Testleri'!$A$2:$A$1534,$A11) -> 147 | D11: =COUNTIFS('Birim Testleri'!$A$2:$A$1534,$A11,'Birim Testleri'!$E$2:$E$1534,"Geçti") -> 135 | E11: =COUNTIFS('Birim Testleri'!$A$2:$A$1534,$A11,'Birim Testleri'!$E$2:$E$1534,"Beklenen hata (xfail)") -> 12 | F11: =COUNTIFS('Birim Testleri'!$A$2:$A$1534,$A11,'Birim Testleri'!$E$2:$E$1534,"Atlandı") -> 0 | G11: =COUNTIFS('Birim Testleri'!$A$2:$A$1534,$A11,'Birim Testleri'!$E$2:$E$1534,"Başarısız") -> 0 | H11: =COUNTIFS('Birim Testleri'!$A$2:$A$1534,$A11,'Birim Testleri'!$E$2:$E$1534,"Seçilmedi (integration)") -> 0
A12: tests/unit/indexing | B12: 6 | C12: =COUNTIF('Birim Testleri'!$A$2:$A$1534,$A12) -> 44 | D12: =COUNTIFS('Birim Testleri'!$A$2:$A$1534,$A12,'Birim Testleri'!$E$2:$E$1534,"Geçti") -> 44 | E12: =COUNTIFS('Birim Testleri'!$A$2:$A$1534,$A12,'Birim Testleri'!$E$2:$E$1534,"Beklenen hata (xfail)") -> 0 | F12: =COUNTIFS('Birim Testleri'!$A$2:$A$1534,$A12,'Birim Testleri'!$E$2:$E$1534,"Atlandı") -> 0 | G12: =COUNTIFS('Birim Testleri'!$A$2:$A$1534,$A12,'Birim Testleri'!$E$2:$E$1534,"Başarısız") -> 0 | H12: =COUNTIFS('Birim Testleri'!$A$2:$A$1534,$A12,'Birim Testleri'!$E$2:$E$1534,"Seçilmedi (integration)") -> 0
A13: tests/unit/ingestion | B13: 14 | C13: =COUNTIF('Birim Testleri'!$A$2:$A$1534,$A13) -> 288 | D13: =COUNTIFS('Birim Testleri'!$A$2:$A$1534,$A13,'Birim Testleri'!$E$2:$E$1534,"Geçti") -> 288 | E13: =COUNTIFS('Birim Testleri'!$A$2:$A$1534,$A13,'Birim Testleri'!$E$2:$E$1534,"Beklenen hata (xfail)") -> 0 | F13: =COUNTIFS('Birim Testleri'!$A$2:$A$1534,$A13,'Birim Testleri'!$E$2:$E$1534,"Atlandı") -> 0 | G13: =COUNTIFS('Birim Testleri'!$A$2:$A$1534,$A13,'Birim Testleri'!$E$2:$E$1534,"Başarısız") -> 0 | H13: =COUNTIFS('Birim Testleri'!$A$2:$A$1534,$A13,'Birim Testleri'!$E$2:$E$1534,"Seçilmedi (integration)") -> 0
A14: tests/unit/interfaces | B14: 8 | C14: =COUNTIF('Birim Testleri'!$A$2:$A$1534,$A14) -> 108 | D14: =COUNTIFS('Birim Testleri'!$A$2:$A$1534,$A14,'Birim Testleri'!$E$2:$E$1534,"Geçti") -> 108 | E14: =COUNTIFS('Birim Testleri'!$A$2:$A$1534,$A14,'Birim Testleri'!$E$2:$E$1534,"Beklenen hata (xfail)") -> 0 | F14: =COUNTIFS('Birim Testleri'!$A$2:$A$1534,$A14,'Birim Testleri'!$E$2:$E$1534,"Atlandı") -> 0 | G14: =COUNTIFS('Birim Testleri'!$A$2:$A$1534,$A14,'Birim Testleri'!$E$2:$E$1534,"Başarısız") -> 0 | H14: =COUNTIFS('Birim Testleri'!$A$2:$A$1534,$A14,'Birim Testleri'!$E$2:$E$1534,"Seçilmedi (integration)") -> 0
A15: tests/unit/interfaces/gradio_app | B15: 6 | C15: =COUNTIF('Birim Testleri'!$A$2:$A$1534,$A15) -> 41 | D15: =COUNTIFS('Birim Testleri'!$A$2:$A$1534,$A15,'Birim Testleri'!$E$2:$E$1534,"Geçti") -> 41 | E15: =COUNTIFS('Birim Testleri'!$A$2:$A$1534,$A15,'Birim Testleri'!$E$2:$E$1534,"Beklenen hata (xfail)") -> 0 | F15: =COUNTIFS('Birim Testleri'!$A$2:$A$1534,$A15,'Birim Testleri'!$E$2:$E$1534,"Atlandı") -> 0 | G15: =COUNTIFS('Birim Testleri'!$A$2:$A$1534,$A15,'Birim Testleri'!$E$2:$E$1534,"Başarısız") -> 0 | H15: =COUNTIFS('Birim Testleri'!$A$2:$A$1534,$A15,'Birim Testleri'!$E$2:$E$1534,"Seçilmedi (integration)") -> 0
A16: tests/unit/interfaces/web | B16: 14 | C16: =COUNTIF('Birim Testleri'!$A$2:$A$1534,$A16) -> 241 | D16: =COUNTIFS('Birim Testleri'!$A$2:$A$1534,$A16,'Birim Testleri'!$E$2:$E$1534,"Geçti") -> 241 | E16: =COUNTIFS('Birim Testleri'!$A$2:$A$1534,$A16,'Birim Testleri'!$E$2:$E$1534,"Beklenen hata (xfail)") -> 0 | F16: =COUNTIFS('Birim Testleri'!$A$2:$A$1534,$A16,'Birim Testleri'!$E$2:$E$1534,"Atlandı") -> 0 | G16: =COUNTIFS('Birim Testleri'!$A$2:$A$1534,$A16,'Birim Testleri'!$E$2:$E$1534,"Başarısız") -> 0 | H16: =COUNTIFS('Birim Testleri'!$A$2:$A$1534,$A16,'Birim Testleri'!$E$2:$E$1534,"Seçilmedi (integration)") -> 0
... A20: tests/unit/retrieval | B20: 6 | C20: =COUNTIF('Birim Testleri'!$A$2:$A$1534,$A20) -> 52 | D20: =COUNTIFS('Birim Testleri'!$A$2:$A$1534,$A20,'Birim Testleri'!$E$2:$E$1534,"Geçti") -> 52 | E20: =COUNTIFS('Birim Testleri'!$A$2:$A$1534,$A20,'Birim Testleri'!$E$2:$E$1534,"Beklenen hata (xfail)") -> 0 | F20: =COUNTIFS('Birim Testleri'!$A$2:$A$1534,$A20,'Birim Testleri'!$E$2:$E$1534,"Atlandı") -> 0 | G20: =COUNTIFS('Birim Testleri'!$A$2:$A$1534,$A20,'Birim Testleri'!$E$2:$E$1534,"Başarısız") -> 0 | H20: =COUNTIFS('Birim Testleri'!$A$2:$A$1534,$A20,'Birim Testleri'!$E$2:$E$1534,"Seçilmedi (integration)") -> 0
A21: Toplam | B21: =SUM(B5:B20) -> 120 | C21: =SUM(C5:C20) -> 1533 | D21: =SUM(D5:D20) -> 1520 | E21: =SUM(E5:E20) -> 12 | F21: =SUM(F5:F20) -> 0 | G21: =SUM(G5:G20) -> 0 | H21: =SUM(H5:H20) -> 1
A23: xfail (beklenen hata): bilinen ve açıkça kayıtlı bir açığı belgeleyen test; test başarısız olmalıdır ve olduğu için "beklenen" sayılır. Buradaki 12 xfail: sorudaki bir sayı (yüzde, tutar, süre, tarih) kaynakta olmadan cevabı "dayanaklı" gösterebiliyor (grounding_tokens).
A24: Seçilmedi (integration): pyproject.toml 'not integration' ile varsayılan koşudan çıkarılır; ayrıştırılmış corpus (data/raw + parse önbelleği) ister.

Sheet Açıklamalar
A1: Terim | B1: Açıklama
A2: Test seti (testset_v1) | B2: 104 soru: 79 cevaplanabilir (tek belge 43, çok belge 16, sürüm 10, belirsiz 10) ve 25 reddedilmesi gereken (cevapsız 15, kapsam dışı 10). Sorular ayrıştırılmış belgeler okunarak yazıldı; insan incelemesi henüz yapılmadı (dogrulandi = false).
